ID,Site,Mine,Storage,Cu,Maximum_Concentration,lag_time,mu_max
1,B,TECK,CR,0,0.605,6,0.032666667
2,B,TECK,CR,150,0.461,45,0.017619048
3,B,TECK,CR,300,0.022,45,0.003
4,B,TECK,CR,600,0.017,0,0.0005
5,B,TECK,CR,750,0.011,18,0.000333333
6,B,TECK,CR,1200,0.016,0,0.001333333
7,B,TECK,CR,0,0.6,6,0.032666667
8,B,TECK,CR,150,0.464,45,0.015857143
9,B,TECK,CR,300,0.037,0,0.00075
10,B,TECK,CR,600,0.02,0,0.000333333
11,B,TECK,CR,750,0.008,45,0.000333333
12,B,TECK,CR,1200,0.015,0,0.000333333
13,B,TECK,CR,0,0.594,6,0.0315
14,B,TECK,CR,150,0.456,45,0.019666667
15,B,TECK,CR,300,0.033,0,0.000666667
16,B,TECK,CR,600,0.02,0,0.000333333
17,B,TECK,CR,750,0.022,0,0.000333333
18,B,TECK,CR,1200,0.01,24,0.0005
19,B,TECK,CR,0,0.498,6,0.026333333
20,B,TECK,CR,150,0.488,45,0.027333333
21,B,TECK,CR,300,0.007,72,0.000416667
22,B,TECK,CR,600,0.013,0,0.0005
23,B,TECK,CR,750,0.048,0,0
24,B,TECK,CR,1200,0.01,0,0.000833333
25,B,TECK,CR,0,0.51,6,0.0275
26,B,TECK,CR,150,0.485,0,0.020333333
27,B,TECK,CR,300,0.133,0,0
28,B,TECK,CR,600,0.008,0,0.000333333
29,B,TECK,CR,750,0,#N/A,0
30,B,TECK,CR,1200,0.004,45,0.000166667
31,B,TECK,CR,0,0.5,6,0.029666667
32,B,TECK,CR,150,0.044,0,0
33,B,TECK,CR,300,0.025,0,0.000166667
34,B,TECK,CR,600,0.011,0,0.000166667
35,B,TECK,CR,750,0.013,0,0.000333333
36,B,TECK,CR,1200,0.004,60,0.000166667
37,B,TECK,CR,0,0.463,6,0.029833333
38,B,TECK,CR,150,0.315,45,0.013380952
39,B,TECK,CR,300,0.023,12,0.001
40,B,TECK,CR,600,0.006,6,0.000333333
41,B,TECK,CR,750,0.002,48,0.000666667
42,B,TECK,CR,1200,0.011,0,0.00075
43,B,TECK,CR,0,0.451,6,0.027166667
44,B,TECK,CR,150,0.331,0,0.017333333
45,B,TECK,CR,300,0.018,0,0.0005
46,B,TECK,CR,600,0.008,0,0.000166667
47,B,TECK,CR,750,0.001,96,0.0000833333
48,B,TECK,CR,1200,0.002,72,0.0000833333
49,B,TECK,CR,0,0.451,6,0.033833333
50,B,TECK,CR,150,0.341,45,0.02
51,B,TECK,CR,300,0.021,0,0
52,B,TECK,CR,600,0.014,0,0.000333333
53,B,TECK,CR,750,0.012,0,0.0005
54,B,TECK,CR,1200,0.006,45,0.000333333
55,B,TECK,CR,0,0.222,6,0.012666667
56,B,TECK,CR,150,0.264,24,0.009761905
57,B,TECK,CR,300,0.008,60,0.0005
58,B,TECK,CR,600,0.024,0,0.0005
59,B,TECK,CR,750,0,#N/A,0
60,B,TECK,CR,1200,0.006,0,0.000333333
61,B,TECK,CR,0,0.23,6,0.013333333
62,B,TECK,CR,150,0.266,45,0.008666667
63,B,TECK,CR,300,0.037,0,0.000416667
64,B,TECK,CR,600,0.02,0,0.000166667
65,B,TECK,CR,750,0.001,45,0.000047619
66,B,TECK,CR,1200,0.002,84,0.000166667
67,B,TECK,CR,0,0.714,6,0.044916667
68,B,TECK,CR,150,0.262,45,0.009333333
69,B,TECK,CR,300,0.014,0,0.00025
70,B,TECK,CR,600,0.013,0,0.000333333
71,B,TECK,CR,750,0.035,0,0.001666667
72,B,TECK,CR,1200,0.003,60,0.000166667
73,B,TECK,CR,0,0.442,6,0.035166667
74,B,TECK,CR,150,0.297,24,0.011
75,B,TECK,CR,300,0.23,84,0.01075
76,B,TECK,CR,600,0.016,0,0.000666667
77,B,TECK,CR,750,0.006,45,0.000666667
78,B,TECK,CR,1200,0.013,0,0.001083333
79,B,TECK,CR,0,0.42,6,0.0335
80,B,TECK,CR,150,0.281,45,0.01
81,B,TECK,CR,300,0.032,0,0.000666667
82,B,TECK,CR,600,0.015,0,0.000333333
83,B,TECK,CR,750,0.01,0,0.000333333
84,B,TECK,CR,1200,0.01,6,0.000333333
85,B,TECK,CR,0,0.408,6,0.032333333
86,B,TECK,CR,150,0.295,45,0.011333333
87,B,TECK,CR,300,0.019,0,0.0005
88,B,TECK,CR,600,0.015,0,0.000333333
89,B,TECK,CR,750,0.025,0,0.0005
90,B,TECK,CR,1200,0.008,45,0.000666667
91,C,RT,CR,0,0.579,6,0.029333333
92,C,RT,CR,150,0.461,6,0.020833333
93,C,RT,CR,300,0.454,72,0.015916667
94,C,RT,CR,600,0.02,0,0.000666667
95,C,RT,CR,750,0.008,24,0.000666667
96,C,RT,CR,1200,0.022,0,0.0015
97,C,RT,CR,0,0.58,6,0.028333333
98,C,RT,CR,150,0.499,6,0.020666667
99,C,RT,CR,300,0.301,72,0.021
100,C,RT,CR,600,0.034,0,0.000166667
101,C,RT,CR,750,0.017,0,0.000333333
102,C,RT,CR,1200,0.013,0,0.00025
103,C,RT,CR,0,0.576,6,0.027333333
104,C,RT,CR,150,0.502,6,0.020333333
105,C,RT,CR,300,0.039,0,0.001
106,C,RT,CR,600,0.019,0,0.0005
107,C,RT,CR,750,0.027,0,0.0005
108,C,RT,CR,1200,0.01,24,0.000333333
109,C,RT,CR,0,0.587,6,0.032666667
110,C,RT,CR,150,0.504,6,0.024166667
111,C,RT,CR,300,0.477,60,0.022166667
112,C,RT,CR,600,0.025,0,0.000833333
113,C,RT,CR,750,0.076,0,0
114,C,RT,CR,1200,0.021,0,0.0015
115,C,RT,CR,0,0.578,6,0.029166667
116,C,RT,CR,150,0.509,6,0.023
117,C,RT,CR,300,0.8,0,0.02225
118,C,RT,CR,600,0.024,0,0.0005
119,C,RT,CR,750,0.012,24,0.000666667
120,C,RT,CR,1200,0.019,0,0.0005
121,C,RT,CR,0,0.565,6,0.029666667
122,C,RT,CR,150,0.519,6,0.023333333
123,C,RT,CR,300,0.05,0,0.000916667
124,C,RT,CR,600,0.04,0,0.0005
125,C,RT,CR,750,0.029,0,0.000666667
126,C,RT,CR,1200,0.014,24,0.000666667
127,C,RT,CR,0,0.567,6,0.030833333
128,C,RT,CR,150,0.477,6,0.022333333
129,C,RT,CR,300,0.48,60,0.023916667
130,C,RT,CR,600,0.027,0,0.000666667
131,C,RT,CR,750,0.023,0,0.001
132,C,RT,CR,1200,0.028,0,0.0015
133,C,RT,CR,0,0.588,6,0.032
134,C,RT,CR,150,0.507,6,0.024
135,C,RT,CR,300,0.316,72,0.021916667
136,C,RT,CR,600,0.032,0,0.000333333
137,C,RT,CR,750,0.033,0,0.000285714
138,C,RT,CR,1200,0.015,0,0.000166667
139,C,RT,CR,0,0.577,6,0.0315
140,C,RT,CR,150,0.502,6,0.024
141,C,RT,CR,300,0.042,0,0.001
142,C,RT,CR,600,0.022,0,0.000333333
143,C,RT,CR,750,0.038,0,0.000166667
144,C,RT,CR,1200,0.024,0,0.001166667
145,C,RT,CR,0,0.578,6,0.032
146,C,RT,CR,150,0.499,6,0.023333333
147,C,RT,CR,300,0.464,72,0.02
148,C,RT,CR,600,0.053,0,0.002333333
149,C,RT,CR,750,0.028,0,0.000333333
150,C,RT,CR,1200,0.033,0,0.001416667
151,C,RT,CR,0,0.577,6,0.030833333
152,C,RT,CR,150,0.515,6,0.023333333
153,C,RT,CR,300,0.314,6,0.021583333
154,C,RT,CR,600,0.027,0,0.000333333
155,C,RT,CR,750,0.017,0,0.000333333
156,C,RT,CR,1200,0.018,0,0.000166667
157,C,RT,CR,0,0.609,6,0.0265
158,C,RT,CR,150,0.501,6,0.023833333
159,C,RT,CR,300,0.044,0,0.001083333
160,C,RT,CR,600,0.067,0,0
161,C,RT,CR,750,0.077,0,0
162,C,RT,CR,1200,0.016,18,0.000666667
163,C,RT,CR,0,0.556,6,0.0325
164,C,RT,CR,150,0.472,45,0.016333333
165,C,RT,CR,300,0.029,45,0.002666667
166,C,RT,CR,600,0.026,0,0.000666667
167,C,RT,CR,750,0.018,0,0.001
168,C,RT,CR,1200,0.032,0,0.0015
169,C,RT,CR,0,0.554,6,0.033333333
170,C,RT,CR,150,0.491,45,0.020333333
171,C,RT,CR,300,0.035,0,0.000916667
172,C,RT,CR,600,0.028,0,0.000166667
173,C,RT,CR,750,0.115,0,0
174,C,RT,CR,1200,0.018,0,0.000333333
175,C,RT,CR,0,0.536,6,0.029833333
176,C,RT,CR,150,0.506,45,0.02
177,C,RT,CR,300,0.037,0,0.001
178,C,RT,CR,600,0.026,0,0.0005
179,C,RT,CR,750,0.031,0,0.000333333
180,C,RT,CR,1200,0.015,6,0.001
181,D,RT,CR,0,0.567,6,0.0295
182,D,RT,CR,150,0.509,6,0.023833333
183,D,RT,CR,300,0.492,0,0.017166667
184,D,RT,CR,600,0.025,0,0.000833333
185,D,RT,CR,750,0.035,0,0.000166667
186,D,RT,CR,1200,0.024,0,0.001583333
187,D,RT,CR,0,0.58,6,0.032333333
188,D,RT,CR,150,0.506,6,0.022
189,D,RT,CR,300,0.386,0,0.012416667
190,D,RT,CR,600,0.024,0,0.000166667
191,D,RT,CR,750,0.013,12,0.0005
192,D,RT,CR,1200,0.021,0,0.000166667
193,D,RT,CR,0,0.57,6,0.027166667
194,D,RT,CR,150,0.521,6,0.024166667
195,D,RT,CR,300,0.043,0,0.000833333
196,D,RT,CR,600,0.043,0,0.000166667
197,D,RT,CR,750,0.027,0,0.0005
198,D,RT,CR,1200,0.016,18,0.000833333
199,D,RT,CR,0,0.574,6,0.03
200,D,RT,CR,150,0.495,6,0.0245
201,D,RT,CR,300,0.472,60,0.018833333
202,D,RT,CR,600,0.022,0,0.0005
203,D,RT,CR,750,0.028,0,0.000666667
204,D,RT,CR,1200,0.017,0,0.001333333
205,D,RT,CR,0,0.567,6,0.028666667
206,D,RT,CR,150,0.523,6,0.023
207,D,RT,CR,300,0.218,0,0.0145
208,D,RT,CR,600,0.026,0,0.000333333
209,D,RT,CR,750,0.025,0,0.000333333
210,D,RT,CR,1200,0.015,0,0.000333333
211,D,RT,CR,0,0.549,6,0.034166667
212,D,RT,CR,150,0.517,6,0.021
213,D,RT,CR,300,0.028,0,0.0005
214,D,RT,CR,600,0.032,0,0.000333333
215,D,RT,CR,750,0.028,0,0.000333333
216,D,RT,CR,1200,0.023,0,0.000833333
217,D,RT,CR,0,0.596,6,0.0375
218,D,RT,CR,150,0.508,6,0.026666667
219,D,RT,CR,300,0.424,0,0.021416667
220,D,RT,CR,600,0.013,0,0.000333333
221,D,RT,CR,750,0.013,0,0.000666667
222,D,RT,CR,1200,0.033,0,0.000166667
223,D,RT,CR,0,0.584,6,0.032166667
224,D,RT,CR,150,0.533,6,0.028833333
225,D,RT,CR,300,0.016,0,0.003
226,D,RT,CR,600,0.159,0,0
227,D,RT,CR,750,0.024,0,0.000333333
228,D,RT,CR,1200,0.016,0,0.000333333
229,D,RT,CR,0,0.605,6,0.033
230,D,RT,CR,150,0.516,6,0.024
231,D,RT,CR,300,0.019,0,0.003333333
232,D,RT,CR,600,0.02,0,0.000666667
233,D,RT,CR,750,0.027,0,0.000333333
234,D,RT,CR,1200,0.027,0,0.000333333
235,D,RT,CR,0,0.622,6,0.034666667
236,D,RT,CR,150,0.507,6,0.031666667
237,D,RT,CR,300,0.437,48,0.020833333
238,D,RT,CR,600,0.018,0,0.0005
239,D,RT,CR,750,0.006,0,0.000666667
240,D,RT,CR,1200,0.037,0,0.000166667
241,D,RT,CR,0,0.613,6,0.033333333
242,D,RT,CR,150,0.517,6,0.024666667
243,D,RT,CR,300,0.255,0,0
244,D,RT,CR,600,0.011,6,0.000333333
245,D,RT,CR,750,0.022,0,0.000333333
246,D,RT,CR,1200,0.015,0,0.000166667
247,D,RT,CR,0,0.612,6,0.030166667
248,D,RT,CR,150,0.511,6,0.023666667
249,D,RT,CR,300,0.023,0,0.002333333
250,D,RT,CR,600,0.026,0,0.0005
251,D,RT,CR,750,0.018,0,0.0005
252,D,RT,CR,1200,0.022,0,0.0005
253,D,RT,CR,0,0.668,6,0.0335
254,D,RT,CR,150,0.534,6,0.021833333
255,D,RT,CR,300,0.462,0,0.01825
256,D,RT,CR,600,0.016,0,0.000333333
257,D,RT,CR,750,0.016,0,0.0000833333
258,D,RT,CR,1200,0.064,0,0
259,D,RT,CR,0,0.659,6,0.031666667
260,D,RT,CR,150,0.556,6,0.021
261,D,RT,CR,300,0.018,0,0.002
262,D,RT,CR,600,0.537,0,0
263,D,RT,CR,750,0.05,0,0.000380952
264,D,RT,CR,1200,0.01,0,0.000333333
265,D,RT,CR,0,0.663,6,0.0315
266,D,RT,CR,150,0.561,6,0.019833333
267,D,RT,CR,300,0.02,0,0.002333333
268,D,RT,CR,600,0.022,0,0.001
269,D,RT,CR,750,0.029,0,0.000333333
270,D,RT,CR,1200,0.026,0,0.001833333
271,D,RT,CR,0,0.586,6,0.034333333
272,D,RT,CR,150,0.285,45,0.009666667
273,D,RT,CR,300,0.016,0,0.00025
274,D,RT,CR,600,0.004,6,0.000333333
275,D,RT,CR,750,0,#N/A,0
276,D,RT,CR,1200,0.02,0,0.000166667
277,D,RT,CR,0,0.549,6,0.0325
278,D,RT,CR,150,0.259,45,0.004571429
279,D,RT,CR,300,0,#N/A,0
280,D,RT,CR,600,0,#N/A,0
281,D,RT,CR,750,0.006,0,0.000333333
282,D,RT,CR,1200,0.001,0,0
283,D,RT,CR,0,0.549,6,0.033666667
284,D,RT,CR,150,0.241,45,0.011333333
285,D,RT,CR,300,0,#N/A,0
286,D,RT,CR,600,0,#N/A,0
287,D,RT,CR,750,0.007,0,0.000333333
288,D,RT,CR,1200,0.01,0,0.000166667
289,E,RT,CR,0,0.553,6,0.038
290,E,RT,CR,150,0.29,24,0.008666667
291,E,RT,CR,300,0.036,0,0.0000833333
292,E,RT,CR,600,0.006,0,0.000666667
293,E,RT,CR,750,0.004,0,0.000333333
294,E,RT,CR,1200,0.025,0,0.000166667
295,E,RT,CR,0,0.533,6,0.040166667
296,E,RT,CR,150,0.264,45,0.005
297,E,RT,CR,300,0,#N/A,0
298,E,RT,CR,600,0.107,0,0.0000833333
299,E,RT,CR,750,0.011,0,0.00025
300,E,RT,CR,1200,0.001,24,0.000166667
301,E,RT,CR,0,0.519,6,0.037833333
302,E,RT,CR,150,0.244,45,0.006
303,E,RT,CR,300,0,#N/A,0
304,E,RT,CR,600,0.007,0,0.000166667
305,E,RT,CR,750,0.023,0,0.000333333
306,E,RT,CR,1200,0.01,0,0.00025
307,E,RT,CR,0,0.564,6,0.036666667
308,E,RT,CR,150,0.288,45,0.009
309,E,RT,CR,300,0.082,0,0
310,E,RT,CR,600,0,#N/A,0
311,E,RT,CR,750,0,#N/A,0
312,E,RT,CR,1200,0.277,0,0
313,E,RT,CR,0,0.54,6,0.0335
314,E,RT,CR,150,0.216,0,0.006166667
315,E,RT,CR,300,0.054,0,0
316,E,RT,CR,600,0,#N/A,0
317,E,RT,CR,750,0.007,0,0.00025
318,E,RT,CR,1200,0.002,0,0
319,E,RT,CR,0,0.538,6,0.033333333
320,E,RT,CR,150,0.169,0,0.007
321,E,RT,CR,300,0.016,0,0.000333333
322,E,RT,CR,600,0.004,12,0.000166667
323,E,RT,CR,750,0.008,0,0.000333333
324,E,RT,CR,1200,0.009,0,0.000166667
325,E,RT,CR,0,0.569,6,0.031333333
326,E,RT,CR,150,0.332,45,0.008666667
327,E,RT,CR,300,0.012,0,0.000333333
328,E,RT,CR,600,0.003,18,0.000166667
329,E,RT,CR,750,0.022,0,0
330,E,RT,CR,1200,0.014,0,0.000333333
331,E,RT,CR,0,0.539,0,0.029833333
332,E,RT,CR,150,0.235,45,0.011666667
333,E,RT,CR,300,0,#N/A,0
334,E,RT,CR,600,0.031,0,0.000166667
335,E,RT,CR,750,0.016,0,0.000333333
336,E,RT,CR,1200,0,#N/A,0
337,E,RT,CR,0,0.545,6,0.034
338,E,RT,CR,150,0.209,48,0.005833333
339,E,RT,CR,300,0,#N/A,0
340,E,RT,CR,600,0.011,0,0.000166667
341,E,RT,CR,750,0.131,0,0
342,E,RT,CR,1200,0.013,0,0.000166667
343,E,RT,CR,0,0.585,6,0.033166667
344,E,RT,CR,150,0.485,6,0.023166667
345,E,RT,CR,300,0.329,60,0.01925
346,E,RT,CR,600,0.013,6,0.000833333
347,E,RT,CR,750,0.021,0,0.0000833333
348,E,RT,CR,1200,0.023,0,0.000333333
349,E,RT,CR,0,0.594,6,0.0295
350,E,RT,CR,150,0.504,6,0.022333333
351,E,RT,CR,300,0.206,0,0.00025
352,E,RT,CR,600,0.019,0,0.000333333
353,E,RT,CR,750,0.031,0,0.0005
354,E,RT,CR,1200,0.021,0,0.000166667
355,E,RT,CR,0,0.566,6,0.033166667
356,E,RT,CR,150,0.517,6,0.023333333
357,E,RT,CR,300,0.019,0,0.001
358,E,RT,CR,600,0.018,0,0.000333333
359,E,RT,CR,750,0.022,0,0.000333333
360,E,RT,CR,1200,0.023,0,0.0005
361,E,RT,CR,0,0.636,6,0.032333333
362,E,RT,CR,150,0.488,6,0.018333333
363,E,RT,CR,300,0.252,48,0.017833333
364,E,RT,CR,600,0.007,6,0.000333333
365,E,RT,CR,750,0.018,0,0.000666667
366,E,RT,CR,1200,0.042,0,0.000166667
367,E,RT,CR,0,0.625,6,0.032166667
368,E,RT,CR,150,0.509,6,0.01552381
369,E,RT,CR,300,0.016,0,0.000333333
370,E,RT,CR,600,0.014,0,0.000142857
371,E,RT,CR,750,0.014,0,0.000166667
372,E,RT,CR,1200,0.015,0,0.000333333
373,E,RT,CR,0,0.629,6,0.029833333
374,E,RT,CR,150,0.485,6,0.013333333
375,E,RT,CR,300,0.014,0,0.000333333
376,E,RT,CR,600,0.02,0,0.000166667
377,E,RT,CR,750,0.02,0,0.000166667
378,E,RT,CR,1200,0.016,0,0.000333333
379,D,RT,BB,0,0.656,6,0.027
380,D,RT,BB,150,0.521,18,0.01452381
381,D,RT,BB,300,0.366,84,0.024583333
382,D,RT,BB,600,0.012,0,0.000666667
383,D,RT,BB,750,0.012,0,0.000333333
384,D,RT,BB,1200,0.011,0,0.000333333
385,D,RT,BB,0,0.617,6,0.027333333
386,D,RT,BB,150,0.565,0,0.013666667
387,D,RT,BB,300,0.091,84,0.006666667
388,D,RT,BB,600,0.004,0,0.000166667
389,D,RT,BB,750,0.015,0,0.00025
390,D,RT,BB,1200,0,#N/A,0
391,D,RT,BB,0,0.659,6,0.028666667
392,D,RT,BB,150,0.577,12,0.014428571
393,D,RT,BB,300,0.004,45,0.000142857
394,D,RT,BB,600,0.005,6,0.000333333
395,D,RT,BB,750,0.012,0,0.000166667
396,D,RT,BB,1200,0.012,0,0.000333333
397,E,RT,BB,0,0.595,6,0.027166667
398,E,RT,BB,150,0.481,45,0.016333333
399,E,RT,BB,300,0.47,72,0.018583333
400,E,RT,BB,600,0.009,18,0.000666667
401,E,RT,BB,750,0.031,0,0
402,E,RT,BB,1200,0.038,0,0
403,E,RT,BB,0,0.586,6,0.027166667
404,E,RT,BB,150,0.48,45,0.031666667
405,E,RT,BB,300,0.024,6,0.001833333
406,E,RT,BB,600,0.005,6,0.000666667
407,E,RT,BB,750,0.012,0,0.000333333
408,E,RT,BB,1200,0.002,84,0.0000833333
409,E,RT,BB,0,0.595,6,0.027333333
410,E,RT,BB,150,0.523,45,0.018333333
411,E,RT,BB,300,0.023,0,0.000333333
412,E,RT,BB,600,0.005,6,0.000333333
413,E,RT,BB,750,0.012,0,0.000166667
414,E,RT,BB,1200,0.011,0,0.000166667
415,B,TECK,CR,0,0.83,6,0.0375
416,B,TECK,CR,0,0.797,6,0.039333333
417,B,TECK,CR,0,0.817,6,0.033666667
418,B,TECK,CR,150,0.631,12,0.020666667
419,B,TECK,CR,150,0.613,12,0.019666667
420,B,TECK,CR,150,0.626,12,0.0245
421,B,TECK,CR,300,0.063,6,0.001833333
422,B,TECK,CR,300,0.042,0,0.001166667
423,B,TECK,CR,300,0.022,6,0.000833333
424,B,TECK,CR,600,0.027,0,0.0005
425,B,TECK,CR,600,0.022,6,0.001
426,B,TECK,CR,600,0.19,0,0
427,B,TECK,CR,750,0.022,6,0.001
428,B,TECK,CR,750,0.026,0,0.000666667
429,B,TECK,CR,750,0.058,0,0.0015
430,B,TECK,CR,1200,0.024,0,0.0005
431,B,TECK,CR,1200,0.032,0,0.000666667
432,B,TECK,CR,1200,0.014,12,0.000833333
433,B,TECK,CR,0,0.692,6,0.027333333
434,B,TECK,CR,0,0.782,6,0.028333333
435,B,TECK,CR,0,0.761,6,0.029666667
436,B,TECK,CR,150,0.588,12,0.017166667
437,B,TECK,CR,150,0.603,12,0.019416667
438,B,TECK,CR,150,0.613,12,0.019666667
439,B,TECK,CR,300,0.047,24,0.001333333
440,B,TECK,CR,300,0.043,0,0.001
441,B,TECK,CR,300,0.028,0,0.0015
442,B,TECK,CR,600,0.029,0,0.000833333
443,B,TECK,CR,600,0.023,0,0.000833333
444,B,TECK,CR,600,0.027,6,0.001666667
445,B,TECK,CR,750,0.028,0,0.001333333
446,B,TECK,CR,750,0.026,0,0.000666667
447,B,TECK,CR,750,0.027,6,0.0015
448,B,TECK,CR,1200,0.032,0,0.001166667
449,B,TECK,CR,1200,0.053,0,0.0005
450,B,TECK,CR,1200,0.022,6,0.001
451,B,TECK,CR,0,0.841,6,0.029333333
452,B,TECK,CR,0,0.822,6,0.029333333
453,B,TECK,CR,0,0.812,6,0.029166667
454,B,TECK,CR,150,0.577,6,0.018333333
455,B,TECK,CR,150,0.566,6,0.019833333
456,B,TECK,CR,150,0.582,12,0.0225
457,B,TECK,CR,300,0.048,24,0.0015
458,B,TECK,CR,300,0.05,0,0.002166667
459,B,TECK,CR,300,0.035,0,0.001666667
460,B,TECK,CR,600,0.026,0,0.001
461,B,TECK,CR,600,0.036,0,0.000166667
462,B,TECK,CR,600,0.441,0,0
463,B,TECK,CR,750,0.026,0,0.001
464,B,TECK,CR,750,0.026,0,0.0005
465,B,TECK,CR,750,0.021,12,0.001166667
466,B,TECK,CR,1200,0.041,0,0.0000185185
467,B,TECK,CR,1200,0.041,0,0.000666667
468,B,TECK,CR,1200,0.022,0,0.001
469,C,RT,CR,0,0.812,6,0.035166667
470,C,RT,CR,0,0.81,6,0.037166667
471,C,RT,CR,0,0.767,6,0.035833333
472,C,RT,CR,150,0.698,24,0.02025
473,C,RT,CR,150,0.647,36,0.017583333
474,C,RT,CR,150,0.667,36,0.02125
475,C,RT,CR,300,0.039,36,0.00125
476,C,RT,CR,300,0.045,0,0.000833333
477,C,RT,CR,300,0.02,6,0.001166667
478,C,RT,CR,600,0.02,0,0.0005
479,C,RT,CR,600,0.018,6,0.001
480,C,RT,CR,600,0.019,6,0.001
481,C,RT,CR,750,0.02,0,0.001166667
482,C,RT,CR,750,0.021,0,0.00025
483,C,RT,CR,750,0.021,6,0.000583333
484,C,RT,CR,1200,0.014,0,0.0000333333
485,C,RT,CR,1200,0.025,0,0.0000833333
486,C,RT,CR,1200,0.014,0,0.000166667
487,C,RT,CR,0,0.552,6,0.0315
488,C,RT,CR,0,0.576,6,0.031333333
489,C,RT,CR,0,0.54,6,0.032333333
490,C,RT,CR,150,0.694,18,0.017083333
491,C,RT,CR,150,0.714,18,0.014166667
492,C,RT,CR,150,0.706,18,0.017583333
493,C,RT,CR,300,0.039,48,0.0015
494,C,RT,CR,300,0.041,0,0.000833333
495,C,RT,CR,300,0.023,0,0.001166667
496,C,RT,CR,600,0.015,0,0.001333333
497,C,RT,CR,600,0.029,0,0.0000185185
498,C,RT,CR,600,0.213,0,0
499,C,RT,CR,750,0.014,6,0.0005
500,C,RT,CR,750,0.023,0,0.0005
501,C,RT,CR,750,0.011,18,0.0005
502,C,RT,CR,1200,0.03,0,0.0000694444
503,C,RT,CR,1200,0.031,0,0.0005
504,C,RT,CR,1200,0.008,18,0.000666667
505,C,RT,CR,0,0.772,6,0.031333333
506,C,RT,CR,0,0.763,6,0.031833333
507,C,RT,CR,0,0.723,6,0.033333333
508,C,RT,CR,150,0.738,18,0.02
509,C,RT,CR,150,0.743,18,0.019166667
510,C,RT,CR,150,0.766,24,0.019583333
511,C,RT,CR,300,0.035,48,0.001416667
512,C,RT,CR,300,0.057,0,0.000030303
513,C,RT,CR,300,0.023,0,0.001666667
514,C,RT,CR,600,0.011,0,0.000333333
515,C,RT,CR,600,0.019,0,0.000666667
516,C,RT,CR,600,0.012,18,0.000208333
517,C,RT,CR,750,0.022,0,0.001
518,C,RT,CR,750,0.015,0,0.000333333
519,C,RT,CR,750,0.017,6,0.001
520,C,RT,CR,1200,0.017,0,0.000666667
521,C,RT,CR,1200,0.024,0,0.0000416667
522,C,RT,CR,1200,0.008,18,0.000333333
523,D,RT,CR,0,0.666,6,0.024
524,D,RT,CR,0,0.657,6,0.024166667
525,D,RT,CR,0,0.628,6,0.026333333
526,D,RT,CR,150,0.303,6,0.0195
527,D,RT,CR,150,0.075,0,0.0000833333
528,D,RT,CR,150,0.065,0,0
529,D,RT,CR,300,0.031,48,0.001166667
530,D,RT,CR,300,0.036,0,0.0025
531,D,RT,CR,300,0.024,0,0.002
532,D,RT,CR,600,0.018,0,0.0000833333
533,D,RT,CR,600,0.034,0,0.000166667
534,D,RT,CR,600,0.664,0,0
535,D,RT,CR,750,0.015,0,0.000666667
536,D,RT,CR,750,0.025,0,0
537,D,RT,CR,750,0.009,18,0.0005
538,D,RT,CR,1200,0.019,0,0.000208333
539,D,RT,CR,1200,0.034,0,0.000333333
540,D,RT,CR,1200,0.014,6,0.001
541,D,RT,CR,0,0.8,6,0.035833333
542,D,RT,CR,0,0.806,6,0.033333333
543,D,RT,CR,0,0.785,6,0.034666667
544,D,RT,CR,150,0.587,36,0.018666667
545,D,RT,CR,150,0.573,36,0.01725
546,D,RT,CR,150,0.567,48,0.022416667
547,D,RT,CR,300,0.031,24,0.001083333
548,D,RT,CR,300,0.045,0,0.000166667
549,D,RT,CR,300,0.03,0,0.000166667
550,D,RT,CR,600,0.023,0,0.000833333
551,D,RT,CR,600,0.037,0,0.000166667
552,D,RT,CR,600,0.02,6,0.000833333
553,D,RT,CR,750,0.031,0,0.001666667
554,D,RT,CR,750,0.02,0,0.0000833333
555,D,RT,CR,750,0.031,0,0.000833333
556,D,RT,CR,1200,0.03,0,0.0005
557,D,RT,CR,1200,0.042,0,0.000666667
558,D,RT,CR,1200,0.03,0,0.0015
559,E,RT,CR,0,0.644,6,0.034833333
560,E,RT,CR,0,0.613,6,0.0345
561,E,RT,CR,0,0.628,6,0.04
562,E,RT,CR,150,0.017,0,0.0005
563,E,RT,CR,150,0.027,0,0.000166667
564,E,RT,CR,150,0.007,48,0.000166667
565,E,RT,CR,300,0.021,0,0.000833333
566,E,RT,CR,300,0.013,0,0
567,E,RT,CR,300,0.018,72,0.0015
568,E,RT,CR,600,0.005,0,0.0000833333
569,E,RT,CR,600,0.014,0,0.0000555556
570,E,RT,CR,600,0.013,18,0.000166667
571,E,RT,CR,750,0,#N/A,0
572,E,RT,CR,750,0.009,0,0.0000277778
573,E,RT,CR,750,0,#N/A,0
574,E,RT,CR,1200,0,#N/A,0
575,E,RT,CR,1200,0.091,0,0.0000833333
576,E,RT,CR,1200,0.004,18,0.000166667
577,E,RT,CR,0,0.782,6,0.033333333
578,E,RT,CR,0,0.767,6,0.0305
579,E,RT,CR,0,0.749,6,0.030333333
580,E,RT,CR,150,0.609,18,0.016583333
581,E,RT,CR,150,0.58,18,0.014083333
582,E,RT,CR,150,0.731,0,0.008916667
583,E,RT,CR,300,0.034,24,0.001333333
584,E,RT,CR,300,0.031,0,0.0000833333
585,E,RT,CR,300,0.028,0,0.000666667
586,E,RT,CR,600,0.029,0,0.0000333333
587,E,RT,CR,600,0.024,0,0.0005
588,E,RT,CR,600,0.016,6,0.000666667
589,E,RT,CR,750,0.038,0,0.0000833333
590,E,RT,CR,750,0.033,0,0.000333333
591,E,RT,CR,750,0.024,0,0.000666667
592,E,RT,CR,1200,0.023,0,0.000166667
593,E,RT,CR,1200,0.035,0,0
594,E,RT,CR,1200,0.02,0,0.000166667
595,E,RT,CR,0,0.776,6,0.028666667
596,E,RT,CR,0,0.843,6,0.027166667
597,E,RT,CR,0,0.78,6,0.0305
598,E,RT,CR,150,0.537,48,0.011666667
599,E,RT,CR,150,0.378,6,0.005416667
600,E,RT,CR,150,0.034,6,0.000375
601,E,RT,CR,300,0.038,6,0.004333333
602,E,RT,CR,300,0.019,0,0.0015
603,E,RT,CR,300,0.292,0,0
604,E,RT,CR,600,0.015,24,0.000666667
605,E,RT,CR,600,0.014,18,0.0005
606,E,RT,CR,600,0.028,0,0.002
607,E,RT,CR,750,0.009,24,0.000194444
608,E,RT,CR,750,0.014,18,0.000666667
609,E,RT,CR,750,0.011,48,0.000416667
610,E,RT,CR,1200,0.018,6,0.001333333
611,E,RT,CR,1200,0.017,6,0.001166667
612,E,RT,CR,1200,0.023,0,0.000291667
613,B,TECK,BB,0,0.885,6,0.024166667
614,B,TECK,BB,0,0.777,6,0.024
615,B,TECK,BB,0,0.774,6,0.035166667
616,B,TECK,BB,150,0.05,0,0.0005
617,B,TECK,BB,150,0.053,0,0.000166667
618,B,TECK,BB,150,0.034,6,0.000236111
619,B,TECK,BB,300,0.013,6,0.0005
620,B,TECK,BB,300,0.021,6,0.002166667
621,B,TECK,BB,300,0.155,0,0.000444444
622,B,TECK,BB,600,0.036,24,0.001833333
623,B,TECK,BB,600,0.044,6,0.001666667
624,B,TECK,BB,600,0.035,0,0.000111111
625,B,TECK,BB,750,0.033,6,0.000833333
626,B,TECK,BB,750,0.016,18,0.000833333
627,B,TECK,BB,750,0.004,60,0.000166667
628,B,TECK,BB,1200,0.014,6,0.0005
629,B,TECK,BB,1200,0.016,6,0.001166667
630,B,TECK,BB,1200,0.03,0,0.000833333
631,B,TECK,BB,0,0.783,6,0.037166667
632,B,TECK,BB,0,0.783,6,0.0375
633,B,TECK,BB,0,0.795,6,0.038333333
634,B,TECK,BB,150,0.683,24,0.018416667
635,B,TECK,BB,150,0.724,36,0.01775
636,B,TECK,BB,150,0.612,36,0.01375
637,B,TECK,BB,300,0.038,0,0.002333333
638,B,TECK,BB,300,0.028,0,0.0015
639,B,TECK,BB,600,0.057,12,0.002
640,B,TECK,BB,600,0.019,12,0.000666667
641,B,TECK,BB,600,0.057,0,0.001333333
642,B,TECK,BB,750,0.028,6,0.001166667
643,B,TECK,BB,750,0.033,6,0.001333333
644,B,TECK,BB,750,0.032,6,0.001333333
645,B,TECK,BB,1200,0.03,0,0.001833333
646,B,TECK,BB,1200,0.021,6,0.001833333
647,B,TECK,BB,1200,0.029,0,0.001833333
648,B,TECK,BB,0,0.751,6,0.0215
649,B,TECK,BB,0,0.77,6,0.021
650,B,TECK,BB,0,0.76,6,0.020833333
651,B,TECK,BB,150,0.524,48,0.0145
652,B,TECK,BB,150,0.208,0,0.002287879
653,B,TECK,BB,150,0.022,6,0.0005
654,B,TECK,BB,300,0.014,6,0.000666667
655,B,TECK,BB,300,0.012,6,0.001
656,B,TECK,BB,300,0.346,0,0
657,B,TECK,BB,600,0.012,24,0.000333333
658,B,TECK,BB,600,0.042,0,0.0005
659,B,TECK,BB,600,0.035,0,0.000166667
660,B,TECK,BB,750,0.015,18,0.000666667
661,B,TECK,BB,750,0.016,6,0.000666667
662,B,TECK,BB,750,0.003,48,0.0000833333
663,B,TECK,BB,1200,0.013,6,0.000277778
664,B,TECK,BB,1200,0.026,6,0.000833333
665,B,TECK,BB,1200,0.025,0,0.0000277778
666,B,TECK,BB,0,0.542,6,0.022333333
667,B,TECK,BB,0,0.546,6,0.023166667
668,B,TECK,BB,0,0.508,6,0.022333333
669,B,TECK,BB,150,0.047,0,0.000666667
670,B,TECK,BB,150,0.053,0,0.000180556
671,B,TECK,BB,150,0.051,6,0.000472222
672,B,TECK,BB,300,0.013,6,0.000833333
673,B,TECK,BB,300,0.022,0,0.001166667
674,B,TECK,BB,600,0.135,6,0.0005
675,B,TECK,BB,600,0.019,48,0.000166667
676,B,TECK,BB,600,0.024,0,0.001333333
677,B,TECK,BB,750,0.008,24,0.000104167
678,B,TECK,BB,750,0.018,6,0.001
679,B,TECK,BB,750,0.013,12,0.0005
680,B,TECK,BB,1200,0.017,6,0.001833333
681,B,TECK,BB,1200,0.015,0,0.001166667
682,B,TECK,BB,1200,0.024,0,0.000833333
683,B,TECK,BB,0,0.55,6,0.021333333
684,B,TECK,BB,0,0.589,6,0.0205
685,B,TECK,BB,0,0.537,6,0.0215
686,B,TECK,BB,150,0.598,36,0.01325
687,B,TECK,BB,150,0.063,0,0.0000833333
688,B,TECK,BB,150,0.036,6,0.000222222
689,B,TECK,BB,300,0.011,6,0.0005
690,B,TECK,BB,300,0.023,0,0
691,B,TECK,BB,300,0.14,0,0.0005
692,B,TECK,BB,600,0.014,24,0.000833333
693,B,TECK,BB,600,0.031,12,0.0005
694,B,TECK,BB,600,0.026,0,0.000388889
695,B,TECK,BB,750,0.008,48,0.000166667
696,B,TECK,BB,750,0.012,18,0.0005
697,B,TECK,BB,750,0.023,0,0.001
698,B,TECK,BB,1200,0.012,6,0.0005
699,B,TECK,BB,1200,0.009,6,0.000416667
700,B,TECK,BB,1200,0.019,0,0.000166667
701,B,TECK,BB,0,0.847,6,0.036666667
702,B,TECK,BB,0,0.863,6,0.0425
703,B,TECK,BB,0,0.811,6,0.042666667
704,B,TECK,BB,150,0.619,18,0.017833333
705,B,TECK,BB,150,0.536,6,0.020333333
706,B,TECK,BB,150,0.466,48,0.017166667
707,B,TECK,BB,300,0.072,0,0.001833333
708,B,TECK,BB,300,0.041,0,0.001166667
709,B,TECK,BB,600,0.104,6,0.002
710,B,TECK,BB,600,0.037,12,0.001
711,B,TECK,BB,600,0.039,0,0.000833333
712,B,TECK,BB,750,0.027,12,0.001333333
713,B,TECK,BB,750,0.043,12,0.001
714,B,TECK,BB,750,0.042,6,0.0015
715,B,TECK,BB,1200,0.035,6,0.002333333
716,B,TECK,BB,1200,0.028,0,0.002
717,B,TECK,BB,1200,0.05,0,0.0015
718,B,TECK,BB,0,0.763,6,0.027666667
719,B,TECK,BB,0,0.769,6,0.029166667
720,B,TECK,BB,0,0.732,6,0.026166667
721,B,TECK,BB,150,0.046,0,0.000666667
722,B,TECK,BB,150,0.045,0,0.000152778
723,B,TECK,BB,150,0.037,6,0.000263889
724,B,TECK,BB,300,0.014,6,0.001166667
725,B,TECK,BB,300,0.033,0,0.001333333
726,B,TECK,BB,300,0.018,36,0.000277778
727,B,TECK,BB,600,0.021,24,0.002
728,B,TECK,BB,600,0.014,18,0.000666667
729,B,TECK,BB,600,0.045,0,0.001166667
730,B,TECK,BB,750,0.016,18,0.0005
731,B,TECK,BB,750,0.071,0,0.000166667
732,B,TECK,BB,750,0.02,6,0.001166667
733,B,TECK,BB,1200,0.039,0,0.000166667
734,B,TECK,BB,1200,0.025,0,0.001666667
735,B,TECK,BB,1200,0.033,0,0.000333333
736,B,TECK,BB,0,0.813,6,0.026
737,B,TECK,BB,0,0.881,6,0.028666667
738,B,TECK,BB,0,0.758,6,0.027833333
739,B,TECK,BB,150,0.442,6,0.009083333
740,B,TECK,BB,150,0.082,0,0.0000555556
741,B,TECK,BB,150,0.041,6,0.005666667
742,B,TECK,BB,300,0.044,0,0.0025
743,B,TECK,BB,300,0.161,0,0.000895833
744,B,TECK,BB,300,0.03,36,0.000833333
745,B,TECK,BB,600,0.054,6,0.002
746,B,TECK,BB,600,0.025,6,0.000833333
747,B,TECK,BB,600,0.035,0,0.001333333
748,B,TECK,BB,750,0.018,18,0.001
749,B,TECK,BB,750,0.03,6,0.002
750,B,TECK,BB,750,0.097,0,0.001104167
751,B,TECK,BB,1200,0.044,0,0.001
752,B,TECK,BB,1200,0.031,0,0.000111111
753,B,TECK,BB,1200,0.059,0,0.000714286
754,F,TECK,BB,0,0.287,6,0.020833333
755,F,TECK,BB,0,0.338,6,0.022
756,F,TECK,BB,0,0.506,6,0.029333333
757,F,TECK,BB,0,0.772,6,0.0235
758,F,TECK,BB,0,0.763,6,0.027333333
759,F,TECK,BB,0,0.713,6,0.035833333
760,G,TECK,BB,0,0.546,6,0.031333333
761,G,TECK,BB,0,0.821,6,0.027166667
762,G,TECK,BB,0,0.662,6,0.033
763,G,TECK,BB,0,1.008,12,0.033666667
764,G,TECK,BB,0,0.815,6,0.0485
765,G,TECK,BB,0,0.631,6,0.030333333
766,G,TECK,BB,0,0.696,6,0.046666667
767,G,TECK,BB,0,0.473,6,0.0345
768,G,TECK,BB,0,0.808,6,0.029666667
769,D,RT,BB,0,0.587,6,0.012166667
770,D,RT,BB,0,0.606,6,0.02
771,E,RT,BB,0,0.591,6,0.018833333
772,E,RT,BB,0,0.421,6,0.022833333
773,E,RT,BB,0,0.748,6,0.022833333
774,F,TECK,BB,0,0.299,6,0.023
775,F,TECK,BB,0,0.804,6,0.046833333
776,F,TECK,BB,0,0.518,6,0.028166667
777,F,TECK,BB,0,0.764,6,0.026
778,F,TECK,BB,0,0.744,6,0.0265
779,F,TECK,BB,0,0.703,6,0.033666667
780,G,TECK,BB,0,0.465,6,0.031333333
781,G,TECK,BB,0,0.818,6,0.030166667
782,G,TECK,BB,0,0.645,6,0.032666667
783,G,TECK,BB,0,1.065,6,0.045666667
784,G,TECK,BB,0,0.812,6,0.046833333
785,G,TECK,BB,0,0.62,6,0.0315
786,G,TECK,BB,0,0.712,6,0.041333333
787,G,TECK,BB,0,0.508,6,0.026666667
788,G,TECK,BB,0,0.827,6,0.028333333
789,D,RT,BB,0,0.567,6,0.0185
790,D,RT,BB,0,0.579,6,0.019666667
791,E,RT,BB,0,0.566,6,0.018666667
792,E,RT,BB,0,0.421,6,0.020166667
793,E,RT,BB,0,0.7,6,0.021833333
794,F,TECK,BB,0,0.282,6,0.024166667
795,F,TECK,BB,0,0.821,6,0.045666667
796,F,TECK,BB,0,0.524,6,0.027833333
797,F,TECK,BB,0,0.738,6,0.024166667
798,F,TECK,BB,0,0.765,6,0.028166667
799,F,TECK,BB,0,0.67,6,0.033666667
800,G,TECK,BB,0,0.475,6,0.027333333
801,G,TECK,BB,0,0.809,6,0.027666667
802,G,TECK,BB,0,0.659,6,0.032666667
803,G,TECK,BB,0,0.998,6,0.030166667
804,G,TECK,BB,0,0.786,6,0.049
805,G,TECK,BB,0,0.606,6,0.026166667
806,G,TECK,BB,0,0.683,6,0.036166667
807,G,TECK,BB,0,0.497,6,0.0245
808,G,TECK,BB,0,0.786,6,0.028166667
809,D,RT,BB,0,0.571,6,0.018666667
810,D,RT,BB,0,0.58,6,0.019333333
811,E,RT,BB,0,0.514,6,0.015833333
812,E,RT,BB,0,0.42,6,0.020166667
813,E,RT,BB,0,0.702,6,0.024166667
814,F,TECK,BB,150,0.018,0,0.0000416667
815,F,TECK,BB,150,0.424,60,0.01125
816,F,TECK,BB,150,0.036,0,0.0000833333
817,F,TECK,BB,150,0.641,36,0.0195
818,F,TECK,BB,150,0.631,24,0.013333333
819,F,TECK,BB,150,0.355,48,0.009791667
820,G,TECK,BB,150,0.611,60,0.017333333
821,G,TECK,BB,150,0.794,12,0.02
822,G,TECK,BB,150,0.587,48,0.02075
823,G,TECK,BB,150,1.031,18,0.025666667
824,G,TECK,BB,150,0.758,36,0.020666667
825,G,TECK,BB,150,0.508,84,0.0205
826,G,TECK,BB,150,0.758,48,0.029833333
827,G,TECK,BB,150,0.72,36,0.016916667
828,G,TECK,BB,150,0.571,72,0.018833333
829,D,RT,BB,150,0.335,36,0.014583333
830,D,RT,BB,150,0.338,6,0.010916667
831,E,RT,BB,150,0.462,6,0.009666667
832,E,RT,BB,150,0.346,6,0.014
833,E,RT,BB,150,0.608,12,0.01575
834,F,TECK,BB,150,0.017,0,0.0000833333
835,F,TECK,BB,150,0.015,0,0.000166667
836,F,TECK,BB,150,0.025,0,0.000166667
837,F,TECK,BB,150,0.723,48,0.018
838,F,TECK,BB,150,0.611,36,0.012833333
839,F,TECK,BB,150,0.389,60,0.005888889
840,G,TECK,BB,150,0.632,60,0.02625
841,G,TECK,BB,150,0.805,6,0.019333333
842,G,TECK,BB,150,0.688,48,0.019
843,G,TECK,BB,150,0.932,48,0.024083333
844,G,TECK,BB,150,0.788,36,0.021916667
845,G,TECK,BB,150,0.019,0,0.000166667
846,G,TECK,BB,150,0.667,48,0.020166667
847,G,TECK,BB,150,0.707,48,0.019166667
848,G,TECK,BB,150,0.461,72,0.0135
849,D,RT,BB,150,0.453,36,0.010083333
850,D,RT,BB,150,0.335,24,0.012083333
851,E,RT,BB,150,0.501,6,0.010333333
852,E,RT,BB,150,0.335,6,0.012666667
853,E,RT,BB,150,0.618,12,0.0155
854,F,TECK,BB,150,0.018,0,0.0000833333
855,F,TECK,BB,150,0.015,0,0.000333333
856,F,TECK,BB,150,0.03,0,0.0000833333
857,F,TECK,BB,150,0.714,48,0.022833333
858,F,TECK,BB,150,0.57,36,0.012583333
859,F,TECK,BB,150,0.38,72,0.022083333
860,G,TECK,BB,150,0.692,60,0.020166667
861,G,TECK,BB,150,0.853,12,0.019166667
862,G,TECK,BB,150,0.581,60,0.01575
863,G,TECK,BB,150,0.914,36,0.025
864,G,TECK,BB,150,0.79,36,0.021666667
865,G,TECK,BB,150,0.368,84,0.024666667
866,G,TECK,BB,150,0.691,48,0.020583333
867,G,TECK,BB,150,0.73,48,0.022833333
868,G,TECK,BB,150,0.371,84,0.014333333
869,D,RT,BB,150,0.322,36,0.009416667
870,D,RT,BB,150,0.33,24,0.01075
871,E,RT,BB,150,0.485,6,0.0125
872,E,RT,BB,150,0.332,6,0.012
873,E,RT,BB,150,0.63,12,0.012666667
874,F,TECK,BB,300,0.031,0,0.000166667
875,F,TECK,BB,300,0.017,0,0.000166667
876,F,TECK,BB,300,0.018,0,0.000166667
877,F,TECK,BB,300,0.017,0,0.000166667
878,F,TECK,BB,300,0.015,0,0.0000277778
879,F,TECK,BB,300,0.009,0,0.0000833333
880,G,TECK,BB,300,0.528,84,0.0225
881,G,TECK,BB,300,0.642,72,0.021
882,G,TECK,BB,300,0.333,72,0.013916667
883,G,TECK,BB,300,0.023,0,0.000166667
884,G,TECK,BB,300,0.015,0,0
885,G,TECK,BB,300,0.19,0,0.001447917
886,G,TECK,BB,300,0.278,84,0.01925
887,G,TECK,BB,300,0.476,84,0.023333333
888,G,TECK,BB,300,0.242,96,0.018416667
889,D,RT,BB,300,0.275,0,0.0065
890,D,RT,BB,300,0.22,0,0.0105
891,E,RT,BB,300,0.379,18,0.00675
892,E,RT,BB,300,0.185,0,0.004666667
893,E,RT,BB,300,0.51,36,0.010833333
894,F,TECK,BB,300,0.019,0,0.00025
895,F,TECK,BB,300,0.015,0,0
896,F,TECK,BB,300,0.053,0,0.0005
897,F,TECK,BB,300,0.017,0,0.0000416667
898,F,TECK,BB,300,0.022,0,0.0000555556
899,F,TECK,BB,300,0.007,0,0
900,G,TECK,BB,300,0.15,96,0.011333333
901,G,TECK,BB,300,0.31,84,0.021
902,G,TECK,BB,300,0.009,0,0
903,G,TECK,BB,300,0.041,0,0.002
904,G,TECK,BB,300,0.015,0,0
905,G,TECK,BB,300,0.008,0,0
906,G,TECK,BB,300,0.025,0,0.000166667
907,G,TECK,BB,300,0.017,0,0.0000128205
908,G,TECK,BB,300,0.011,0,0
909,D,RT,BB,300,0.008,0,0.000333333
910,D,RT,BB,300,0.03,0,0
911,E,RT,BB,300,0.304,0,0.005833333
912,E,RT,BB,300,0.188,0,0.004833333
913,E,RT,BB,300,0.198,6,0.005
914,F,TECK,BB,300,0.017,0,0.0000833333
915,F,TECK,BB,300,0.03,0,0
916,F,TECK,BB,300,0.019,0,0.0000277778
917,F,TECK,BB,300,0.017,0,0.0000277778
918,F,TECK,BB,300,0.014,0,0.0000555556
919,F,TECK,BB,300,0.001,6,0.000166667
920,G,TECK,BB,300,0.007,0,0.0000833333
921,G,TECK,BB,300,0.042,0,0.00024359
922,G,TECK,BB,300,0.016,0,0
923,G,TECK,BB,300,0.03,0,0.001333333
924,G,TECK,BB,300,0.012,0,0
925,G,TECK,BB,300,0.008,0,0
926,G,TECK,BB,300,0.041,0,0
927,G,TECK,BB,300,0.005,0,0
928,G,TECK,BB,300,0.015,0,0
929,D,RT,BB,300,0.006,0,0.000166667
930,D,RT,BB,300,0.031,0,0.000166667
931,E,RT,BB,300,0.24,6,0.006333333
932,E,RT,BB,300,0.179,0,0.00425
933,E,RT,BB,300,0.182,0,0.00475
934,F,TECK,BB,600,0.018,0,0.000166667
935,F,TECK,BB,600,0.044,0,0.000333333
936,F,TECK,BB,600,0.02,0,0.0000208333
937,F,TECK,BB,600,0.02,0,0.0000208333
938,F,TECK,BB,600,0.016,0,0.000166667
939,F,TECK,BB,600,0.043,0,0
940,G,TECK,BB,600,0.027,0,0.000333333
941,G,TECK,BB,600,0.018,0,0.000166667
942,G,TECK,BB,600,0.003,6,0
943,G,TECK,BB,600,0.018,0,0.0000833333
944,G,TECK,BB,600,0.042,0,0.000111111
945,G,TECK,BB,600,0.008,0,0.000333333
946,G,TECK,BB,600,0.014,0,0.000166667
947,G,TECK,BB,600,0.008,0,0.000166667
948,G,TECK,BB,600,0.01,0,0.0000833333
949,D,RT,BB,600,0.006,0,0.000166667
950,D,RT,BB,600,0.023,0,0
951,E,RT,BB,600,0.035,0,0.000166667
952,E,RT,BB,600,0.013,0,0.000166667
953,E,RT,BB,600,0.022,0,0.000166667
954,F,TECK,BB,600,0.018,0,0.000333333
955,F,TECK,BB,600,0.013,0,0.0000555556
956,F,TECK,BB,600,0.019,0,0.000166667
957,F,TECK,BB,600,0.021,0,0.000166667
958,F,TECK,BB,600,0.017,0,0.0000555556
959,F,TECK,BB,600,0.015,0,0.000166667
960,G,TECK,BB,600,0.022,0,0.000166667
961,G,TECK,BB,600,0.016,0,0.0000555556
962,G,TECK,BB,600,0.024,0,0
963,G,TECK,BB,600,0.027,0,0.000166667
964,G,TECK,BB,600,0.02,0,0.0000833333
965,G,TECK,BB,600,0.011,0,0
966,G,TECK,BB,600,0.02,0,0.000166667
967,G,TECK,BB,600,0.006,0,0.000166667
968,G,TECK,BB,600,0.104,0,0
969,D,RT,BB,600,0.008,0,0.000166667
970,D,RT,BB,600,0.047,0,0.000666667
971,E,RT,BB,600,0.023,0,0.000333333
972,E,RT,BB,600,0.02,0,0
973,E,RT,BB,600,0.033,0,0.000166667
974,F,TECK,BB,600,0.017,0,0.000166667
975,F,TECK,BB,600,0.044,0,0
976,F,TECK,BB,600,0.028,0,0.000333333
977,F,TECK,BB,600,0.03,0,0.0000833333
978,F,TECK,BB,600,0.015,0,0.000166667
979,F,TECK,BB,600,0.02,0,0.000166667
980,G,TECK,BB,600,0.394,0,0
981,G,TECK,BB,600,0.018,0,0.000166667
982,G,TECK,BB,600,0.007,0,0.000166667
983,G,TECK,BB,600,0.011,0,0.000166667
984,G,TECK,BB,600,0.039,0,0.000166667
985,G,TECK,BB,600,0.019,0,0
986,G,TECK,BB,600,0.016,0,0.000166667
987,G,TECK,BB,600,0.011,0,0.0000833333
988,G,TECK,BB,600,0.007,0,0
989,D,RT,BB,600,0.004,0,0
990,D,RT,BB,600,0.02,0,0.000166667
991,E,RT,BB,600,0.679,0,0
992,E,RT,BB,600,0.027,0,0
993,E,RT,BB,600,0.024,0,0.000166667
994,F,TECK,BB,750,0.015,0,0
995,F,TECK,BB,750,0.015,0,0
996,F,TECK,BB,750,0.029,0,0
997,F,TECK,BB,750,0.021,0,0.0000166667
998,F,TECK,BB,750,0.017,0,0
999,F,TECK,BB,750,0.004,0,0
1000,G,TECK,BB,750,0.012,0,0.0000833333
1001,G,TECK,BB,750,0.03,0,0.0000166667
1002,G,TECK,BB,750,0.025,0,0
1003,G,TECK,BB,750,0.019,0,0
1004,G,TECK,BB,750,0.01,0,0
1005,G,TECK,BB,750,0.005,0,0
1006,G,TECK,BB,750,0.009,0,0.000166667
1007,G,TECK,BB,750,0.023,0,0
1008,G,TECK,BB,750,0.009,0,0
1009,D,RT,BB,750,0.122,0,0
1010,D,RT,BB,750,0.016,0,0.0000208333
1011,E,RT,BB,750,0.019,0,0.000333333
1012,E,RT,BB,750,0.014,0,0.0000555556
1013,E,RT,BB,750,0.066,0,0
1014,F,TECK,BB,750,0.023,0,0.000111111
1015,F,TECK,BB,750,0.045,0,0
1016,F,TECK,BB,750,0.02,0,0
1017,F,TECK,BB,750,0.019,0,0.0000833333
1018,F,TECK,BB,750,0.017,0,0
1019,F,TECK,BB,750,0.001,6,0
1020,G,TECK,BB,750,0.019,0,0
1021,G,TECK,BB,750,0.016,0,0
1022,G,TECK,BB,750,0.003,0,0
1023,G,TECK,BB,750,0.014,0,0.0000833333
1024,G,TECK,BB,750,0.018,0,0
1025,G,TECK,BB,750,0.012,0,0
1026,G,TECK,BB,750,0.009,0,0
1027,G,TECK,BB,750,0.006,0,0
1028,G,TECK,BB,750,0.01,0,0.000166667
1029,D,RT,BB,750,0.003,0,0
1030,D,RT,BB,750,0.015,0,0
1031,E,RT,BB,750,0.027,0,0.0000833333
1032,E,RT,BB,750,0.015,0,0.0000833333
1033,E,RT,BB,750,0.033,0,0.000166667
1034,F,TECK,BB,750,0.019,0,0
1035,F,TECK,BB,750,0.34,0,0
1036,F,TECK,BB,750,0.021,0,0.0000166667
1037,F,TECK,BB,750,0.676,0,0.001583333
1038,F,TECK,BB,750,0.028,0,0.0000833333
1039,F,TECK,BB,750,0.753,0,0.0015
1040,G,TECK,BB,750,0.659,0,0.000333333
1041,G,TECK,BB,750,0.017,0,0
1042,G,TECK,BB,750,0.008,0,0
1043,G,TECK,BB,750,0.016,0,0.0000833333
1044,G,TECK,BB,750,0.044,0,0
1045,G,TECK,BB,750,0.007,0,0
1046,G,TECK,BB,750,0.027,0,0
1047,G,TECK,BB,750,0.009,0,0.0000555556
1048,G,TECK,BB,750,0.012,0,0
1049,D,RT,BB,750,0.008,0,0
1050,D,RT,BB,750,0.031,0,0.000166667
1051,E,RT,BB,750,0.029,0,0.000166667
1052,E,RT,BB,750,0.036,0,0
1053,E,RT,BB,750,0.022,0,0.000166667
1054,F,TECK,BB,1200,0.219,0,0
1055,F,TECK,BB,1200,0.021,0,0.0000833333
1056,F,TECK,BB,1200,0.026,0,0.0000416667
1057,F,TECK,BB,1200,0.019,0,0.000166667
1058,F,TECK,BB,1200,0.018,0,0.000166667
1059,F,TECK,BB,1200,0.004,6,0.000166667
1060,G,TECK,BB,1200,0.019,0,0.000166667
1061,G,TECK,BB,1200,0.017,0,0.0000416667
1062,G,TECK,BB,1200,0.001,18,0
1063,G,TECK,BB,1200,0.021,0,0.0000555556
1064,G,TECK,BB,1200,0.011,0,0.000166667
1065,G,TECK,BB,1200,0.005,0,0
1066,G,TECK,BB,1200,0.014,0,0.0000277778
1067,G,TECK,BB,1200,0.007,0,0.0000833333
1068,G,TECK,BB,1200,0.009,0,0
1069,D,RT,BB,1200,0.007,0,0.000166667
1070,D,RT,BB,1200,0.014,0,0.0000138889
1071,E,RT,BB,1200,0.023,0,0.0000833333
1072,E,RT,BB,1200,0.011,0,0.000166667
1073,E,RT,BB,1200,0.019,0,0.0000714286
1074,F,TECK,BB,1200,0.022,0,0.0000833333
1075,F,TECK,BB,1200,0.034,0,0.000333333
1076,F,TECK,BB,1200,0.496,0,0
1077,F,TECK,BB,1200,0.038,0,0
1078,F,TECK,BB,1200,0.296,0,0
1079,F,TECK,BB,1200,0.024,0,0.0000833333
1080,G,TECK,BB,1200,0.032,0,0
1081,G,TECK,BB,1200,0.071,0,0.001166667
1082,G,TECK,BB,1200,0.004,0,0
1083,G,TECK,BB,1200,0.029,0,0
1084,G,TECK,BB,1200,0.126,0,0.000166667
1085,G,TECK,BB,1200,0.012,0,0.0000833333
1086,G,TECK,BB,1200,0.031,0,0.0000833333
1087,G,TECK,BB,1200,0.035,0,0
1088,G,TECK,BB,1200,0.012,0,0
1089,D,RT,BB,1200,0.008,0,0
1090,D,RT,BB,1200,0.018,0,0
1091,E,RT,BB,1200,0.021,0,0
1092,E,RT,BB,1200,0.016,0,0
1093,E,RT,BB,1200,0.707,0,0
1094,F,TECK,BB,1200,0.031,0,0.000166667
1095,F,TECK,BB,1200,0.021,0,0.000166667
1096,F,TECK,BB,1200,0.024,0,0.0000833333
1097,F,TECK,BB,1200,0.018,0,0.0000833333
1098,F,TECK,BB,1200,0.028,0,0
1099,F,TECK,BB,1200,0.005,0,0.000166667
1100,G,TECK,BB,1200,0.01,0,0
1101,G,TECK,BB,1200,0.104,0,0.0000833333
1102,G,TECK,BB,1200,0.009,0,0
1103,G,TECK,BB,1200,0.017,0,0.0000833333
1104,G,TECK,BB,1200,0.013,0,0.000333333
1105,G,TECK,BB,1200,0.022,0,0.000166667
1106,G,TECK,BB,1200,0.016,0,0
1107,G,TECK,BB,1200,0.012,0,0
1108,G,TECK,BB,1200,0.015,0,0
1109,D,RT,BB,1200,0.038,0,0.000833333
1110,D,RT,BB,1200,0.032,0,0.0000833333
1111,E,RT,BB,1200,0.027,0,0.0000555556
1112,E,RT,BB,1200,0.024,0,0
1113,E,RT,BB,1200,0.027,0,0.0000833333
1114,B,TECK,CR,0,2.907,6,0.107166667
1115,B,TECK,CR,0,2.835,6,0.107333333
1116,B,TECK,CR,0,2.816,6,0.105333333
1117,B,TECK,CR,150,2.001,6,0.082666667
1118,B,TECK,CR,150,2,6,0.080833333
1119,B,TECK,CR,150,2,6,0.084833333
1120,B,TECK,CR,300,1.833,6,0.087
1121,B,TECK,CR,300,1.821,6,0.093166667
1122,B,TECK,CR,300,1.851,6,0.098
1123,B,TECK,CR,600,1.777,6,0.0905
1124,B,TECK,CR,600,1.791,6,0.061833333
1125,B,TECK,CR,600,1.833,6,0.098166667
1126,B,TECK,CR,750,1.822,6,0.113
1127,B,TECK,CR,750,1.859,6,0.1195
1128,B,TECK,CR,750,2.035,6,0.1065
1129,B,TECK,CR,1200,1.39,6,0.077333333
1130,B,TECK,CR,1200,1.233,24,0.0515
1131,B,TECK,CR,1200,1.357,18,0.04925
1132,B,TECK,CR,0,2.32,6,0.090666667
1133,B,TECK,CR,0,2.066,6,0.0845
1134,B,TECK,CR,0,2.039,6,0.0795
1135,B,TECK,CR,150,1.561,6,0.074166667
1136,B,TECK,CR,150,1.568,6,0.0765
1137,B,TECK,CR,150,1.66,6,0.061666667
1138,B,TECK,CR,300,1.448,6,0.056833333
1139,B,TECK,CR,300,1.468,6,0.078166667
1140,B,TECK,CR,300,1.568,6,0.063333333
1141,B,TECK,CR,600,1.36,6,0.070833333
1142,B,TECK,CR,600,1.41,6,0.071833333
1143,B,TECK,CR,600,2.204,12,0.077833333
1144,B,TECK,CR,750,1.43,6,0.105833333
1145,B,TECK,CR,750,1.636,6,0.107833333
1146,B,TECK,CR,750,1.619,6,0.049666667
1147,B,TECK,CR,1200,1.326,18,0.069166667
1148,B,TECK,CR,1200,1.241,18,0.057666667
1149,B,TECK,CR,1200,1.249,18,0.04525
1150,B,TECK,CR,0,2.297,6,0.099
1151,B,TECK,CR,0,2.228,6,0.1045
1152,B,TECK,CR,0,2.191,6,0.108666667
1153,B,TECK,CR,150,1.755,6,0.076833333
1154,B,TECK,CR,150,1.673,6,0.0825
1155,B,TECK,CR,150,1.713,6,0.077833333
1156,B,TECK,CR,300,1.385,6,0.071166667
1157,B,TECK,CR,300,1.457,6,0.073
1158,B,TECK,CR,300,1.351,6,0.070833333
1159,B,TECK,CR,600,1.229,6,0.059
1160,B,TECK,CR,600,1.224,6,0.054333333
1161,B,TECK,CR,600,1.256,6,0.061666667
1162,B,TECK,CR,750,1.301,6,0.0475
1163,B,TECK,CR,750,1.405,6,0.043166667
1164,B,TECK,CR,750,1.446,6,0.047666667
1165,B,TECK,CR,1200,1.169,6,0.049166667
1166,B,TECK,CR,1200,1.299,6,0.022166667
1167,B,TECK,CR,1200,1.438,12,0.052166667
1168,C,RT,CR,0,3.085,12,0.117333333
1169,C,RT,CR,0,2.844,12,0.125
1170,C,RT,CR,0,2.73,12,0.114166667
1171,C,RT,CR,150,1.602,6,0.063333333
1172,C,RT,CR,150,1.727,6,0.0735
1173,C,RT,CR,150,1.72,6,0.0725
1174,C,RT,CR,300,1.531,6,0.067
1175,C,RT,CR,300,1.501,6,0.0655
1176,C,RT,CR,300,1.56,6,0.0745
1177,C,RT,CR,600,1.433,12,0.077
1178,C,RT,CR,600,1.633,12,0.069833333
1179,C,RT,CR,600,1.576,12,0.062666667
1180,C,RT,CR,750,1.418,12,0.0765
1181,C,RT,CR,750,1.572,12,0.057333333
1182,C,RT,CR,750,1.62,12,0.0595
1183,C,RT,CR,1200,1.127,48,0.042
1184,C,RT,CR,1200,1.097,48,0.0455
1185,C,RT,CR,1200,1.132,48,0.041833333
1186,C,RT,CR,0,2.698,6,0.1095
1187,C,RT,CR,0,2.599,6,0.115
1188,C,RT,CR,0,2.522,6,0.105166667
1189,C,RT,CR,150,1.891,6,0.1015
1190,C,RT,CR,150,1.845,6,0.105666667
1191,C,RT,CR,150,1.894,6,0.1155
1192,C,RT,CR,300,1.695,6,0.115
1193,C,RT,CR,300,1.659,6,0.113333333
1194,C,RT,CR,300,1.723,6,0.0865
1195,C,RT,CR,600,1.692,6,0.076
1196,C,RT,CR,600,1.697,6,0.096333333
1197,C,RT,CR,600,1.79,6,0.103333333
1198,C,RT,CR,750,1.518,6,0.105
1199,C,RT,CR,750,1.918,6,0.105333333
1200,C,RT,CR,750,1.728,6,0.104166667
1201,C,RT,CR,1200,1.779,12,0.092666667
1202,C,RT,CR,1200,1.988,12,0.085166667
1203,C,RT,CR,1200,2.236,12,0.108666667
1204,C,RT,CR,0,2.818,6,0.078666667
1205,C,RT,CR,0,1.977,6,0.063666667
1206,C,RT,CR,0,2.046,6,0.0685
1207,C,RT,CR,150,1.471,6,0.064166667
1208,C,RT,CR,150,1.998,6,0.042
1209,C,RT,CR,150,1.719,6,0.042833333
1210,C,RT,CR,300,1.498,6,0.043666667
1211,C,RT,CR,300,1.38,6,0.042833333
1212,C,RT,CR,300,1.852,6,0.0485
1213,C,RT,CR,600,2.653,24,0.044833333
1214,C,RT,CR,600,1.886,18,0.03575
1215,C,RT,CR,600,2.511,24,0.031083333
1216,C,RT,CR,750,1.653,24,0.058
1217,C,RT,CR,750,1.28,18,0.044
1218,C,RT,CR,750,1.402,18,0.040666667
1219,C,RT,CR,1200,0.983,36,0.016138889
1220,C,RT,CR,1200,0.487,0,0.010791667
1221,C,RT,CR,1200,0.495,6,0.028916667
1222,D,RT,CR,0,2.712,6,0.113333333
1223,D,RT,CR,0,2.614,6,0.113
1224,D,RT,CR,0,2.444,6,0.104333333
1225,D,RT,CR,150,1.822,6,0.101666667
1226,D,RT,CR,150,1.747,6,0.074333333
1227,D,RT,CR,150,1.748,6,0.0665
1228,D,RT,CR,300,1.745,6,0.106833333
1229,D,RT,CR,300,1.695,6,0.077666667
1230,D,RT,CR,300,1.696,6,0.070166667
1231,D,RT,CR,600,1.879,6,0.1175
1232,D,RT,CR,600,1.86,6,0.105833333
1233,D,RT,CR,600,1.68,6,0.109
1234,D,RT,CR,750,1.887,6,0.104166667
1235,D,RT,CR,750,1.965,12,0.097833333
1236,D,RT,CR,750,1.93,12,0.101333333
1237,D,RT,CR,1200,1.509,12,0.099
1238,D,RT,CR,1200,1.845,18,0.074333333
1239,D,RT,CR,1200,2.055,18,0.064333333
1240,D,RT,CR,0,2.974,6,0.110166667
1241,D,RT,CR,0,2.424,6,0.104
1242,D,RT,CR,0,2.4,6,0.101
1243,D,RT,CR,150,1.725,6,0.069833333
1244,D,RT,CR,150,2.074,6,0.102833333
1245,D,RT,CR,150,1.829,6,0.102
1246,D,RT,CR,300,1.677,6,0.1005
1247,D,RT,CR,300,1.729,6,0.100833333
1248,D,RT,CR,300,1.664,6,0.0985
1249,D,RT,CR,600,1.741,6,0.108333333
1250,D,RT,CR,600,2.247,12,0.092166667
1251,D,RT,CR,600,1.956,6,0.096666667
1252,D,RT,CR,750,1.653,12,0.120166667
1253,D,RT,CR,750,1.924,12,0.117
1254,D,RT,CR,750,1.803,12,0.1475
1255,D,RT,CR,1200,1.461,18,0.094833333
1256,D,RT,CR,1200,1.533,18,0.061666667
1257,D,RT,CR,1200,1.556,18,0.042916667
1258,D,RT,CR,0,2.793,6,0.117666667
1259,D,RT,CR,0,2.632,6,0.108
1260,D,RT,CR,0,2.413,6,0.106833333
1261,D,RT,CR,150,1.868,6,0.108
1262,D,RT,CR,150,1.828,6,0.0975
1263,D,RT,CR,150,1.848,6,0.0955
1264,D,RT,CR,300,1.7,6,0.102666667
1265,D,RT,CR,300,1.819,6,0.126166667
1266,D,RT,CR,300,1.673,6,0.077833333
1267,D,RT,CR,600,1.628,6,0.125333333
1268,D,RT,CR,600,1.826,6,0.129333333
1269,D,RT,CR,600,1.837,6,0.119833333
1270,D,RT,CR,750,1.783,12,0.1165
1271,D,RT,CR,750,1.951,12,0.118
1272,D,RT,CR,750,1.771,12,0.1275
1273,D,RT,CR,1200,1.615,18,0.082666667
1274,D,RT,CR,1200,1.688,18,0.069833333
1275,D,RT,CR,1200,1.901,24,0.046666667
1276,D,RT,CR,0,2.95,6,0.104666667
1277,D,RT,CR,0,2.238,6,0.094333333
1278,D,RT,CR,0,2.214,6,0.095
1279,D,RT,CR,150,1.638,6,0.071166667
1280,D,RT,CR,150,1.743,6,0.077
1281,D,RT,CR,150,1.344,6,0.070333333
1282,D,RT,CR,300,1.763,6,0.07
1283,D,RT,CR,300,1.793,6,0.098
1284,D,RT,CR,300,1.703,6,0.097833333
1285,D,RT,CR,600,1.804,6,0.124333333
1286,D,RT,CR,600,1.694,6,0.098666667
1287,D,RT,CR,600,1.684,6,0.134333333
1288,D,RT,CR,750,2.15,12,0.109333333
1289,D,RT,CR,750,1.845,12,0.11
1290,D,RT,CR,750,1.925,6,0.118166667
1291,D,RT,CR,1200,1.754,18,0.0985
1292,D,RT,CR,1200,1.69,18,0.09
1293,D,RT,CR,1200,2.012,24,0.0485
1294,E,RT,CR,0,2.988,6,0.126166667
1295,E,RT,CR,0,2.788,6,0.119333333
1296,E,RT,CR,0,2.833,6,0.113333333
1297,E,RT,CR,150,1.735,6,0.1065
1298,E,RT,CR,150,2.132,6,0.106333333
1299,E,RT,CR,150,1.863,6,0.098833333
1300,E,RT,CR,300,1.978,6,0.1015
1301,E,RT,CR,300,2.158,6,0.102166667
1302,E,RT,CR,300,1.848,6,0.119333333
1303,E,RT,CR,600,1.717,6,0.063
1304,E,RT,CR,600,1.754,6,0.105333333
1305,E,RT,CR,600,1.839,6,0.0655
1306,E,RT,CR,750,1.57,12,0.073666667
1307,E,RT,CR,750,1.526,12,0.111166667
1308,E,RT,CR,750,1.474,12,0.112166667
1309,E,RT,CR,1200,1.159,24,0.03575
1310,E,RT,CR,1200,1.081,24,0.018833333
1311,E,RT,CR,1200,1.196,24,0.052416667
1312,E,RT,CR,0,3.04,6,0.137833333
1313,E,RT,CR,0,3.046,6,0.137
1314,E,RT,CR,0,2.733,6,0.121666667
1315,E,RT,CR,150,2.152,6,0.156333333
1316,E,RT,CR,150,2.02,6,0.157333333
1317,E,RT,CR,150,2.044,6,0.158166667
1318,E,RT,CR,300,1.885,6,0.134333333
1319,E,RT,CR,300,2.11,6,0.145833333
1320,E,RT,CR,300,1.717,6,0.100166667
1321,E,RT,CR,600,1.63,6,0.109666667
1322,E,RT,CR,600,1.8,6,0.108166667
1323,E,RT,CR,600,1.672,0,0.092166667
1324,E,RT,CR,750,1.618,12,0.1115
1325,E,RT,CR,750,1.754,12,0.103166667
1326,E,RT,CR,750,1.731,12,0.093333333
1327,E,RT,CR,1200,1.232,18,0.061166667
1328,E,RT,CR,1200,1.312,18,0.057333333
1329,E,RT,CR,1200,1.661,18,0.046666667
1330,E,RT,CR,0,3.217,6,0.143333333
1331,E,RT,CR,0,2.939,6,0.119166667
1332,E,RT,CR,0,2.986,6,0.117833333
1333,E,RT,CR,150,2.132,6,0.083833333
1334,E,RT,CR,150,2.168,6,0.104666667
1335,E,RT,CR,150,2.149,6,0.108666667
1336,E,RT,CR,300,1.931,6,0.089666667
1337,E,RT,CR,300,1.958,6,0.094
1338,E,RT,CR,300,2.088,6,0.109
1339,E,RT,CR,600,1.855,6,0.113
1340,E,RT,CR,600,1.859,6,0.113166667
1341,E,RT,CR,600,1.912,6,0.113
1342,E,RT,CR,750,1.805,12,0.100333333
1343,E,RT,CR,750,1.863,6,0.097666667
1344,E,RT,CR,750,1.875,6,0.1065
1345,E,RT,CR,1200,1.411,12,0.102333333
1346,E,RT,CR,1200,1.496,12,0.087166667
1347,E,RT,CR,1200,1.611,12,0.079333333
1348,E,RT,CR,0,2.441,6,0.11
1349,E,RT,CR,0,2.418,6,0.106666667
1350,E,RT,CR,0,1.944,6,0.085333333
1351,E,RT,CR,150,1.699,6,0.076333333
1352,E,RT,CR,150,1.729,6,0.0745
1353,E,RT,CR,150,1.871,6,0.079666667
1354,E,RT,CR,300,1.339,6,0.068
1355,E,RT,CR,300,1.381,6,0.060333333
1356,E,RT,CR,300,1.364,6,0.071
1357,E,RT,CR,600,1.253,6,0.0535
1358,E,RT,CR,600,1.216,6,0.059333333
1359,E,RT,CR,600,1.262,6,0.059833333
1360,E,RT,CR,750,1.305,6,0.086166667
1361,E,RT,CR,750,1.31,6,0.0935
1362,E,RT,CR,750,1.332,6,0.0895
1363,E,RT,CR,1200,1.265,12,0.068666667
1364,E,RT,CR,1200,1.35,12,0.0745
1365,E,RT,CR,1200,1.421,12,0.091666667
1366,E,RT,CR,0,2.432,6,0.091666667
1367,E,RT,CR,0,2.537,6,0.091333333
1368,E,RT,CR,0,2.461,6,0.093166667
1369,E,RT,CR,150,1.754,6,0.075166667
1370,E,RT,CR,150,1.692,6,0.076833333
1371,E,RT,CR,150,1.787,6,0.071333333
1372,E,RT,CR,300,1.339,6,0.062833333
1373,E,RT,CR,300,1.602,6,0.098
1374,E,RT,CR,300,1.314,6,0.066333333
1375,E,RT,CR,600,1.199,6,0.0605
1376,E,RT,CR,600,1.204,6,0.051
1377,E,RT,CR,600,1.226,6,0.0545
1378,E,RT,CR,750,1.243,6,0.084166667
1379,E,RT,CR,750,1.342,6,0.055666667
1380,E,RT,CR,750,1.327,6,0.045833333
1381,E,RT,CR,1200,1.228,12,0.073666667
1382,E,RT,CR,1200,1.334,12,0.083
1383,E,RT,CR,1200,1.409,12,0.081
1384,C,RT,BB,0,2.035,12,0.041166667
1385,C,RT,BB,0,1.922,12,0.03925
1386,C,RT,BB,0,1.778,12,0.097
1387,C,RT,BB,150,1.498,6,0.0365
1388,C,RT,BB,150,1.485,6,0.034833333
1389,C,RT,BB,150,1.505,12,0.0385
1390,C,RT,BB,300,0.871,6,0.029166667
1391,C,RT,BB,300,0.91,6,0.029916667
1392,C,RT,BB,300,0.77,6,0.019416667
1393,C,RT,BB,600,0.188,6,0.0075
1394,C,RT,BB,600,1.059,18,0.077
1395,C,RT,BB,600,0.207,6,0.007
1396,C,RT,BB,750,0.2,12,0.004833333
1397,C,RT,BB,750,0.301,6,0.005166667
1398,C,RT,BB,750,0.238,6,0.004666667
1399,C,RT,BB,1200,0.179,0,0.001427083
1400,C,RT,BB,1200,0.11,0,0.000333333
1401,C,RT,BB,1200,0.012,0,0.0000833333
1402,C,RT,BB,0,1.56,12,0.056833333
1403,C,RT,BB,0,1.392,0,0.024833333
1404,C,RT,BB,0,1.598,12,0.053666667
1405,C,RT,BB,150,1.273,12,0.027666667
1406,C,RT,BB,150,1.232,12,0.020083333
1407,C,RT,BB,150,1.146,12,0.054
1408,C,RT,BB,300,1.193,12,0.021833333
1409,C,RT,BB,300,0.517,6,0.020166667
1410,C,RT,BB,300,1.011,12,0.020333333
1411,C,RT,BB,600,0.726,12,0.018666667
1412,C,RT,BB,600,0.971,12,0.028916667
1413,C,RT,BB,600,0.531,6,0.020666667
1414,C,RT,BB,750,0.479,12,0.0165
1415,C,RT,BB,750,0.772,12,0.0165
1416,C,RT,BB,750,0.539,6,0.014833333
1417,C,RT,BB,1200,0.284,48,0.009083333
1418,C,RT,BB,1200,0.3,0,0.00875
1419,C,RT,BB,1200,0.32,0,0.0105
1420,C,RT,BB,0,2.504,6,0.098
1421,C,RT,BB,0,2.761,6,0.118666667
1422,C,RT,BB,0,2.901,6,0.121166667
1423,C,RT,BB,150,1.731,6,0.071
1424,C,RT,BB,150,1.757,6,0.081666667
1425,C,RT,BB,150,1.857,6,0.08
1426,C,RT,BB,300,1.878,6,0.084666667
1427,C,RT,BB,300,1.368,6,0.071166667
1428,C,RT,BB,300,1.316,6,0.067666667
1429,C,RT,BB,600,1.115,6,0.056
1430,C,RT,BB,600,1.243,6,0.057666667
1431,C,RT,BB,600,1.258,6,0.0625
1432,C,RT,BB,750,1.282,6,0.035166667
1433,C,RT,BB,750,1.362,6,0.042333333
1434,C,RT,BB,750,1.352,6,0.0925
1435,C,RT,BB,1200,1.287,12,0.0815
1436,C,RT,BB,1200,1.414,0,0.081
1437,C,RT,BB,1200,1.457,12,0.1005
1438,C,RT,BB,0,3.179,12,0.128
1439,C,RT,BB,0,2.966,12,0.1285
1440,C,RT,BB,0,2.906,12,0.125333333
1441,C,RT,BB,150,2.478,6,0.120833333
1442,C,RT,BB,150,2.236,6,0.116833333
1443,C,RT,BB,150,2.284,6,0.117166667
1444,C,RT,BB,300,2.495,6,0.117166667
1445,C,RT,BB,300,2.145,6,0.112166667
1446,C,RT,BB,300,2.678,12,0.1015
1447,C,RT,BB,600,1.944,12,0.1035
1448,C,RT,BB,600,2.133,12,0.092166667
1449,C,RT,BB,600,2.071,12,0.0965
1450,C,RT,BB,750,1.677,12,0.0885
1451,C,RT,BB,750,1.633,12,0.087166667
1452,C,RT,BB,750,2.034,12,0.091666667
1453,C,RT,BB,1200,1.311,36,0.04125
1454,C,RT,BB,1200,1.424,36,0.051916667
1455,C,RT,BB,1200,1.896,36,0.057083333
1456,D,RT,BB,0,2.439,6,0.100166667
1457,D,RT,BB,0,2.471,6,0.1005
1458,D,RT,BB,0,2.436,6,0.105333333
1459,D,RT,BB,150,1.851,6,0.082333333
1460,D,RT,BB,150,1.867,6,0.077
1461,D,RT,BB,150,2.008,6,0.093666667
1462,D,RT,BB,300,1.734,6,0.066666667
1463,D,RT,BB,300,1.787,6,0.1185
1464,D,RT,BB,300,1.738,6,0.0765
1465,D,RT,BB,600,1.492,6,0.061333333
1466,D,RT,BB,600,1.535,6,0.0605
1467,D,RT,BB,600,1.613,6,0.076
1468,D,RT,BB,750,1.576,6,0.093833333
1469,D,RT,BB,750,1.686,6,0.042666667
1470,D,RT,BB,750,1.628,6,0.08
1471,D,RT,BB,1200,1.253,6,0.076833333
1472,D,RT,BB,1200,1.401,6,0.075166667
1473,D,RT,BB,1200,1.471,12,0.0985
1474,D,RT,BB,0,2.747,6,0.064666667
1475,D,RT,BB,0,0.712,6,0.052333333
1476,D,RT,BB,0,1.976,6,0.062833333
1477,D,RT,BB,150,2.044,6,0.05
1478,D,RT,BB,150,1.497,6,0.060166667
1479,D,RT,BB,150,1.591,6,0.053
1480,D,RT,BB,300,2.317,6,0.049166667
1481,D,RT,BB,300,2.359,6,0.05175
1482,D,RT,BB,300,1.864,6,0.041166667
1483,D,RT,BB,600,1.56,12,0.025166667
1484,D,RT,BB,600,1.739,12,0.037333333
1485,D,RT,BB,600,1.58,12,0.03775
1486,D,RT,BB,750,1.258,18,0.04425
1487,D,RT,BB,750,1.261,18,0.027125
1488,D,RT,BB,750,1.591,12,0.037583333
1489,D,RT,BB,1200,0.773,60,0.021333333
1490,D,RT,BB,1200,0.473,72,0.017666667
1491,D,RT,BB,1200,0.283,0,0.007583333
1492,E,RT,BB,0,2.224,12,0.092166667
1493,E,RT,BB,0,1.87,12,0.087333333
1494,E,RT,BB,0,1.973,18,0.154833333
1495,E,RT,BB,150,1.558,18,0.062333333
1496,E,RT,BB,150,1.46,18,0.0745
1497,E,RT,BB,150,1.59,18,0.057333333
1498,E,RT,BB,300,1.339,18,0.063166667
1499,E,RT,BB,300,1.347,18,0.083666667
1500,E,RT,BB,300,1.332,18,0.065166667
1501,E,RT,BB,600,1.13,18,0.085166667
1502,E,RT,BB,600,1.198,18,0.091666667
1503,E,RT,BB,600,1.183,18,0.082166667
1504,E,RT,BB,750,1.189,18,0.064
1505,E,RT,BB,750,1.35,18,0.061333333
1506,E,RT,BB,750,1.266,24,0.043833333
1507,E,RT,BB,1200,0.966,36,0.051083333
1508,E,RT,BB,1200,0.948,48,0.042
1509,E,RT,BB,1200,1.262,48,0.05175
1510,E,RT,BB,0,3.247,6,0.102333333
1511,E,RT,BB,0,3.283,6,0.1
1512,E,RT,BB,0,3.282,6,0.098333333
1513,E,RT,BB,150,2.256,6,0.114666667
1514,E,RT,BB,150,2.169,6,0.105166667
1515,E,RT,BB,150,2.288,6,0.100166667
1516,E,RT,BB,300,1.954,6,0.1135
1517,E,RT,BB,300,1.994,6,0.1165
1518,E,RT,BB,300,2.128,6,0.112
1519,E,RT,BB,600,1.857,6,0.115333333
1520,E,RT,BB,600,1.823,6,0.104833333
1521,E,RT,BB,600,1.854,6,0.104
1522,E,RT,BB,750,1.811,6,0.103166667
1523,E,RT,BB,750,1.868,6,0.115
1524,E,RT,BB,750,1.881,6,0.1005
1525,E,RT,BB,1200,1.344,12,0.077666667
1526,E,RT,BB,1200,1.38,18,0.036833333
1527,E,RT,BB,1200,1.496,12,0.064166667
1528,B,TECK,CR,0,1.232,6,0.104333333
1529,B,TECK,CR,0,1.185,6,0.059
1530,B,TECK,CR,0,1.208,6,0.070666667
1531,B,TECK,CR,150,1.035,6,0.130333333
1532,B,TECK,CR,150,0.972,6,0.08
1533,B,TECK,CR,150,0.971,6,0.079666667
1534,B,TECK,CR,300,1.216,12,0.029833333
1535,B,TECK,CR,300,1.292,12,0.029833333
1536,B,TECK,CR,300,1.181,12,0.027833333
1537,B,TECK,CR,600,0.645,15,0.015333333
1538,B,TECK,CR,600,0.476,12,0.013
1539,B,TECK,CR,600,0.547,12,0.014333333
1540,B,TECK,CR,600,0.037,0,0.000333333
1541,B,TECK,CR,600,0.036,0,0.000333333
1542,B,TECK,CR,600,0.022,6,0.000333333
1543,B,TECK,CR,750,0.042,0,0.001
1544,B,TECK,CR,750,0.019,0,0.001333333
1545,B,TECK,CR,750,0.036,0,0.001333333
1546,B,TECK,CR,1200,0.057,0,0.0002
1547,B,TECK,CR,1200,0.03,3,0.005666667
1548,B,TECK,CR,1200,0.04,3,0.004333333
1549,C,RT,CR,0,0.976,9,0.072333333
1550,C,RT,CR,0,0.966,6,0.055
1551,C,RT,CR,0,0.883,6,0.053666667
1552,C,RT,CR,150,0.892,6,0.073
1553,C,RT,CR,150,0.851,6,0.053333333
1554,C,RT,CR,150,0.827,6,0.047666667
1555,C,RT,CR,300,0.594,0,0.017333333
1556,C,RT,CR,300,0.531,6,0.019666667
1557,C,RT,CR,300,0.473,6,0.015
1558,C,RT,CR,600,0.941,15,0.060666667
1559,C,RT,CR,600,0.662,6,0.032333333
1560,C,RT,CR,600,1,18,0.0685
1561,C,RT,CR,600,0.381,18,0.021833333
1562,C,RT,CR,600,0.508,15,0.037
1563,C,RT,CR,600,0.319,24,0.019
1564,C,RT,CR,750,0.299,0,0.0085
1565,C,RT,CR,750,0.185,15,0.006166667
1566,C,RT,CR,750,0.129,0,0.004833333
1567,C,RT,CR,1200,0.04,0,0
1568,C,RT,CR,1200,0.025,0,0.003
1569,C,RT,CR,1200,0.12,0,0.0005
1570,C,RT,CR,0,2.985,9,0.312666667
1571,C,RT,CR,0,3.064,9,0.246666667
1572,C,RT,CR,0,2.93,9,0.247
1573,C,RT,CR,150,3.06,9,0.133666667
1574,C,RT,CR,150,3.252,9,0.157666667
1575,C,RT,CR,150,3.159,9,0.141
1576,C,RT,CR,300,3.029,9,0.144666667
1577,C,RT,CR,300,3.181,12,0.190666667
1578,C,RT,CR,300,3.134,12,0.1655
1579,C,RT,CR,600,3.13,15,0.169166667
1580,C,RT,CR,600,3.117,15,0.1385
1581,C,RT,CR,600,2.049,12,0.043666667
1582,C,RT,CR,600,2.312,24,0.063222222
1583,C,RT,CR,600,2.875,24,0.259
1584,C,RT,CR,600,1.571,18,0.1015
1585,C,RT,CR,750,2.671,48,0.134333333
1586,C,RT,CR,750,2.568,48,0.173166667
1587,C,RT,CR,750,3.051,42,0.262166667
1588,C,RT,CR,1200,0.068,0,0.002166667
1589,C,RT,CR,1200,0.029,3,0.000666667
1590,C,RT,CR,1200,0.028,3,0.001333333
1591,D,RT,CR,0,3.163,15,0.131833333
1592,D,RT,CR,0,3.115,12,0.147166667
1593,D,RT,CR,0,3.27,12,0.0925
1594,D,RT,CR,150,3.325,9,0.085
1595,D,RT,CR,150,3.114,9,0.101666667
1596,D,RT,CR,150,3.06,9,0.108333333
1597,D,RT,CR,300,3.242,12,0.102333333
1598,D,RT,CR,300,3.151,12,0.104333333
1599,D,RT,CR,300,3.167,12,0.095
1600,D,RT,CR,600,3.15,12,0.107333333
1601,D,RT,CR,600,3.048,15,0.084333333
1602,D,RT,CR,600,3.175,15,0.088833333
1603,D,RT,CR,600,2.842,18,0.084666667
1604,D,RT,CR,600,3.24,21,0.0785
1605,D,RT,CR,600,3.126,21,0.091333333
1606,D,RT,CR,750,3.044,24,0.116333333
1607,D,RT,CR,750,3.04,30,0.111666667
1608,D,RT,CR,750,3.063,30,0.110166667
1609,D,RT,CR,1200,0.135,0,0.002833333
1610,D,RT,CR,1200,0.373,0,0.000666667
1611,D,RT,CR,1200,0.117,0,0.002666667
1612,E,RT,CR,0,3.183,9,0.123444444
1613,E,RT,CR,0,3.074,9,0.146333333
1614,E,RT,CR,0,3.142,9,0.143666667
1615,E,RT,CR,150,3.335,6,0.166333333
1616,E,RT,CR,150,3.213,6,0.194
1617,E,RT,CR,150,3.111,6,0.234666667
1618,E,RT,CR,300,2.351,6,0.126666667
1619,E,RT,CR,300,2.427,6,0.241
1620,E,RT,CR,300,2.438,6,0.123666667
1621,E,RT,CR,600,2.009,9,0.113666667
1622,E,RT,CR,600,2.103,9,0.107333333
1623,E,RT,CR,600,2.257,6,0.111
1624,E,RT,CR,600,1.933,6,0.094
1625,E,RT,CR,600,1.983,9,0.106333333
1626,E,RT,CR,600,2.062,9,0.094
1627,E,RT,CR,750,1.956,9,0.084
1628,E,RT,CR,750,1.947,9,0.180333333
1629,E,RT,CR,750,2.001,9,0.092666667
1630,E,RT,CR,1200,0.626,12,0.022333333
1631,E,RT,CR,1200,0.454,9,0.019666667
1632,E,RT,CR,1200,0.541,15,0.022333333
1633,B,TECK,BB,0,3.297,15,0.21
1634,B,TECK,BB,0,3.144,12,0.193333333
1635,B,TECK,BB,0,3.337,9,0.131666667
1636,B,TECK,BB,150,3.107,6,0.174666667
1637,B,TECK,BB,150,3.223,6,0.301
1638,B,TECK,BB,150,3.316,6,0.210333333
1639,B,TECK,BB,300,2.572,6,0.159333333
1640,B,TECK,BB,300,2.426,6,0.182
1641,B,TECK,BB,300,2.59,6,0.145666667
1642,B,TECK,BB,600,2.553,9,0.117
1643,B,TECK,BB,600,2.527,9,0.116
1644,B,TECK,BB,600,2.191,9,0.119333333
1645,B,TECK,BB,600,2.038,9,0.104666667
1646,B,TECK,BB,600,1.993,9,0.141333333
1647,B,TECK,BB,600,2.033,9,0.103
1648,B,TECK,BB,750,2.161,9,0.090666667
1649,B,TECK,BB,750,2.007,9,0.094333333
1650,B,TECK,BB,750,1.987,9,0.078666667
1651,B,TECK,BB,1200,1.006,0,0.028166667
1652,B,TECK,BB,1200,0.57,0,0.017666667
1653,B,TECK,BB,1200,0.493,21,0.02
1654,B,TECK,BB,0,3.135,9,0.145666667
1655,B,TECK,BB,0,3.331,9,0.136
1656,B,TECK,BB,0,3.103,9,0.133666667
1657,B,TECK,BB,150,3.24,6,0.199666667
1658,B,TECK,BB,150,3.194,6,0.236333333
1659,B,TECK,BB,150,3.27,9,0.302
1660,B,TECK,BB,300,2.625,9,0.136
1661,B,TECK,BB,300,2.506,6,0.132
1662,B,TECK,BB,300,2.462,6,0.147
1663,B,TECK,BB,600,2.343,9,0.108666667
1664,B,TECK,BB,600,2.088,6,0.123666667
1665,B,TECK,BB,600,2.884,9,0.096666667
1666,B,TECK,BB,600,1.935,9,0.104
1667,B,TECK,BB,600,2.036,9,0.099333333
1668,B,TECK,BB,600,1.803,9,0.159333333
1669,B,TECK,BB,750,1.972,9,0.068
1670,B,TECK,BB,750,1.763,9,0.114833333
1671,B,TECK,BB,750,1.99,9,0.074333333
1672,B,TECK,BB,1200,0.571,0,0.0125
1673,B,TECK,BB,1200,0.473,0,0.015333333
1674,B,TECK,BB,1200,0.509,0,0.017
1675,F,TECK,BB,0,0.969,9,0.059333333
1676,F,TECK,BB,0,0.922,6,0.061
1677,F,TECK,BB,0,0.884,6,0.056333333
1678,F,TECK,BB,150,0.945,3,0.066
1679,F,TECK,BB,150,0.951,3,0.059
1680,F,TECK,BB,150,0.904,3,0.064
1681,F,TECK,BB,300,2.701,18,0.117166667
1682,F,TECK,BB,300,2.787,36,0.143
1683,F,TECK,BB,300,2.696,36,0.132166667
1684,F,TECK,BB,600,2.83,42,0.147166667
1685,F,TECK,BB,600,2.492,42,0.138166667
1686,F,TECK,BB,600,2.495,42,0.108166667
1687,F,TECK,BB,600,1.672,48,0.086333333
1688,F,TECK,BB,600,1.542,21,0.090666667
1689,F,TECK,BB,600,1.362,42,0.073
1690,F,TECK,BB,750,0.571,9,0.048333333
1691,F,TECK,BB,750,0.32,0,0.024166667
1692,F,TECK,BB,750,0.256,0,0.017833333
1693,F,TECK,BB,1200,0.251,0,0.001333333
1694,F,TECK,BB,1200,0.123,0,0.001666667
1695,F,TECK,BB,1200,0.184,0,0.001166667
1696,F,TECK,BB,0,0.838,6,0.074666667
1697,F,TECK,BB,0,0.869,6,0.089
1698,F,TECK,BB,0,0.83,6,0.074666667
1699,F,TECK,BB,150,0.909,3,0.062
1700,F,TECK,BB,150,0.824,6,0.057
1701,F,TECK,BB,150,0.823,3,0.06
1702,F,TECK,BB,300,0.59,3,0.027833333
1703,F,TECK,BB,300,0.567,3,0.048666667
1704,F,TECK,BB,300,0.751,6,0.035
1705,F,TECK,BB,600,0.479,0,0.039333333
1706,F,TECK,BB,600,0.464,9,0.016333333
1707,F,TECK,BB,600,0.521,9,0.043833333
1708,F,TECK,BB,600,0.293,0,0.009333333
1709,F,TECK,BB,600,0.282,0,0.0075
1710,F,TECK,BB,600,0.267,6,0.008666667
1711,F,TECK,BB,750,0.196,0,0.0055
1712,F,TECK,BB,750,0.121,0,0.003833333
1713,F,TECK,BB,750,0.155,0,0.0035
1714,F,TECK,BB,1200,0.078,0,0.000666667
1715,F,TECK,BB,1200,0.031,3,0.000933333
1716,F,TECK,BB,1200,0.036,3,0.004333333
1717,G,TECK,BB,0,0.921,9,0.064333333
1718,G,TECK,BB,0,0.873,6,0.066333333
1719,G,TECK,BB,0,0.765,6,0.0555
1720,G,TECK,BB,150,0.823,6,0.066666667
1721,G,TECK,BB,150,0.813,6,0.071
1722,G,TECK,BB,150,0.77,3,0.045666667
1723,G,TECK,BB,300,0.32,0,0.017666667
1724,G,TECK,BB,300,0.215,0,0.013
1725,G,TECK,BB,300,0.223,0,0.014333333
1726,G,TECK,BB,600,0.226,6,0.008666667
1727,G,TECK,BB,600,0.148,6,0.008666667
1728,G,TECK,BB,600,0.156,0,0.01
1729,G,TECK,BB,600,0.214,0,0.006666667
1730,G,TECK,BB,600,0.242,0,0.006666667
1731,G,TECK,BB,600,0.239,9,0.0065
1732,G,TECK,BB,750,0.232,0,0.0035
1733,G,TECK,BB,750,0.183,9,0.002833333
1734,G,TECK,BB,750,0.172,0,0.0025
1735,G,TECK,BB,1200,0.059,0,0.000416667
1736,G,TECK,BB,1200,0.084,0,0.0005
1737,G,TECK,BB,1200,0.036,0,0.000333333
1738,D,RT,BB,0,0.898,0,0.050666667
1739,D,RT,BB,0,1.015,0,0.044
1740,D,RT,BB,0,0.877,6,0.035
1741,D,RT,BB,150,0.619,6,0.052666667
1742,D,RT,BB,150,0.606,6,0.052666667
1743,D,RT,BB,150,0.614,6,0.037333333
1744,D,RT,BB,300,0.806,6,0.034
1745,D,RT,BB,300,0.781,6,0.028
1746,D,RT,BB,300,0.758,6,0.034666667
1747,D,RT,BB,600,0.692,9,0.018333333
1748,D,RT,BB,600,0.588,9,0.022333333
1749,D,RT,BB,600,0.636,9,0.019333333
1750,D,RT,BB,600,0.174,12,0.004333333
1751,D,RT,BB,600,0.243,12,0.008
1752,D,RT,BB,600,0.191,18,0.006333333
1753,D,RT,BB,750,0.033,0,0.000166667
1754,D,RT,BB,750,0,#N/A,0
1755,D,RT,BB,750,0.011,0,0.0005
1756,D,RT,BB,1200,0.041,0,0.003
1757,D,RT,BB,1200,0.026,0,0.0015
1758,D,RT,BB,1200,0.029,0,0.001
1759,E,RT,BB,0,1.337,9,0.08
1760,E,RT,BB,0,1.36,6,0.097666667
1761,E,RT,BB,0,1.222,6,0.086
1762,E,RT,BB,150,1.19,6,0.108333333
1763,E,RT,BB,150,1.114,6,0.132666667
1764,E,RT,BB,150,1.023,6,0.099666667
1765,E,RT,BB,300,1.335,12,0.029333333
1766,E,RT,BB,300,1.388,12,0.0375
1767,E,RT,BB,300,1.39,12,0.039333333
1768,E,RT,BB,600,1.074,15,0.03
1769,E,RT,BB,600,0.522,12,0.019666667
1770,E,RT,BB,600,0.48,12,0.014333333
1771,E,RT,BB,600,0.033,0,0.0005
1772,E,RT,BB,600,0.046,0,0.000166667
1773,E,RT,BB,600,0.02,3,0.000833333
1774,E,RT,BB,750,0.05,0,0.000666667
1775,E,RT,BB,750,0.056,0,0.0003125
1776,E,RT,BB,750,0.06,0,0.000666667
1777,E,RT,BB,1200,0.094,0,0.000333333
1778,E,RT,BB,1200,0.1,0,0.001
1779,E,RT,BB,1200,0.032,3,0.001333333